/*
 Navicat Premium Data Transfer

 Source Server         : localhost
 Source Server Type    : MySQL
 Source Server Version : 100432
 Source Host           : localhost:3306
 Source Schema         : my_auth_db

 Target Server Type    : MySQL
 Target Server Version : 100432
 File Encoding         : 65001

 Date: 30/08/2025 22:04:23
*/

SET NAMES utf8mb4;
SET FOREIGN_KEY_CHECKS = 0;

-- ----------------------------
-- Table structure for announcement
-- ----------------------------
DROP TABLE IF EXISTS `announcement`;
CREATE TABLE `announcement`  (
  `id` int(11) NOT NULL AUTO_INCREMENT,
  `title` varchar(255) CHARACTER SET utf8mb4 COLLATE utf8mb4_general_ci NOT NULL,
  `description` text CHARACTER SET utf8mb4 COLLATE utf8mb4_general_ci NOT NULL,
  `image` blob NULL,
  PRIMARY KEY (`id`) USING BTREE
) ENGINE = InnoDB AUTO_INCREMENT = 14 CHARACTER SET = utf8mb4 COLLATE = utf8mb4_general_ci ROW_FORMAT = DYNAMIC;

-- ----------------------------
-- Records of announcement
-- ----------------------------
INSERT INTO `announcement` VALUES (8, 'dw', 'daddddd', 0xFFD8FFE000104A46494600010100000100010000FFDB0084000505050505050506060508080708080B0A09090A0B110C0D0C0D0C111A1013101013101A171B1615161B1729201C1C20292F2725272F393333394744475D5D7D010505050505050506060508080708080B0A09090A0B110C0D0C0D0C111A1013101013101A171B1615161B1729201C1C20292F2725272F393333394744475D5D7DFFC200110803D1044A03012200021101031101FFC4003300000301010101010000000000000000000001020304050607010101010101010100000000000000000000010203040506FFDA000C03010002100310000002DFE5BDAF9FCDF557D73D4FCFBBBEC3F3F8FB2F27D4F98CEB983D7DE7C83DBE43CF00ECD0D4CB9F6A0FA2F8DFAFC69FCDFB3E087B1F47C9ACFC7F7FBDF252FD74471E75E42CBB359EFF001F6D2C8FA3F94FA4CEB6F9CF77E74AED7D5ACF9D8F6F12FD13E3ECC69D430A971484545AA862289656764BE14F461C7D513A221276134896CA6C226594EE6A11488A555524C57D1FCD7D06F96D36B7CB32A462A9500539680810C1022AB32AEB3B2B3ACCD66486C071522062A184B040C54029D249A61234B4F2CF2E95CEA3A5724E5D59F3BCB4985954DCCA5A0CBC2FABF96F6F3FD3783E07D5D4F4BE4FB348FA0F98FA9F2F3AF07D2F34DE7D6E6E20003D35E6F49D59F2661F5DE07D1675C7E0FD4FCD47DBF27C7FB1ACFA9F2676CBED71F7C675F2FEA7069ACE94F9ACC7E9BC2FA4CEB0F9AFADF9B0EE9F2B59EFF3F7B5F4FB66B1A454C0D50E690342A1313180D1C7E7FB1E3F3ED2379E981AC592EA0A8B42604CD326C016904B90A9B08F63C8EFD63D624DF073522A9A04C10D5534E50491014C0805403648C189151410C064CAE86265D272393A2794CDE88C672DA73BCA65A94403A80B0649482680491A3CDA7563E7BF6679B1EF2CCFD9F2897D7AF1834F3BB5D9E79E83AF38F464E03D02383AB547A75E592FAB979C19E5D2587ABE5397D55E507A1E5E88E5E8A2CF52FCA25F5F1F39118751647ADE559EB2F2497D63C90F58F243D63C967AAFC90F5A7CB0F52BC90F5D7921EB78D58677672BC75DE32474182B355923A160CDD601BCE28E97CCCD0C83A1E08DB7E12CFA73C97BE3EB4F961EA3F283D73C90F557961EB1E487AEBC90F51F92CF54F243D63C951EC3F111EE9E128F6CF0C8F5E7C9337D58F38CBB4E071DC7087A2FCD0F40F399E82F3E8EE7E733D19E16763E14769C48F45F9C1E89E7A3D13CF0EE3803BDF9ECFA3CBC85E9CF5F03A58299153630626218886274C42373535A96787EA4161058416105841610E82558467BE1D3863AE37EBF07B51E5D8B205010DC894206028086820CB50F3E858EB53549908A16B9057BBE67172AF77C5D323BB9F4C9E8EB23DAF1F09751D0AA43EC70F177DF27884A0032516F351A98A8DA72234598692884171068D8C8D519BD0327A332340C4DD193D591A3D79FAB81EEBA7979EEEEBD58E046DC5BB39D74E7192D598BD5191A866B4664F4442D68F538F03B6BABA7CC47A33C08549A8C20004304C010A9D4B8B70A6AD405BCDCB44851216434A205B202A5AB234CEF58EDD7CD0EDAF3C004A34C01800826950D0D8A39B3E8E6CEFA9F1BE6E938DD9D4B951DCB845EFDBCBEBDF3EF388F578BB0E393D09E1A97B32E774EF1377D5DFC525F46FCA55D0B29676793B34590BB18B3451A73DE2078BD434C751A33CA4AD5D26196F345D662E8B369A99235AC45DDF354BB182B9DAF9C3DDE7F26ADF53A3C10F73CEE69369CEA345909A3895D14516B312FA39B64F69741ADF3CF5A39A7AD1CA75239DED473BDD9CEFA439176C9C8FA59CC75A391F50719D2CE5AE80E77D28E77B8731D0182EA6729D48E75D21C95D34721D01CC74B391758719D48C1ECCC16ECE63A4398E90E67D2CE3F2BE87C8C74E3AAAC75E736CAA66C3276EC8F4F83D5EBC20DEBEBFC3EBE8EBE3F9FF4FA3E73B70DF3FA0E0F63C4C747E47ABE775E3F49C1EC787CBB69E37ABE7F5E3F471A7CE63A74F07D7FCB74E5EBAF57C6E3DFB7E6BD0E6EFE7CB5BDD8F2CDE7E37D4C9ECCC373A58F0AC5D7D30692B59DB33A5F57AC7957E8474E5F351F61F27CFAE7ED71FDF6F1F98EFD3A675DFCFEFF009BD39FCE76FD3F999B8799F49DF67C2F7EBEC677C4572EB1CEF2FAB5F89AFA7F233ACB8BE93E766B1D458D99EC87D5C7E8CE7DE0BAF318AA84E100A8A11362952EC18133A21021828408620A720C723403681B9A0728A24A63625410398602A56925B4ADABB20640374B8BB739AF0C9AE3E951B413373649485EB795EA77F368AA3EC7C29F53D8F37C5EFF0057E57EABE573BFABF1FD8F1E5CFCDF5BCAEDC3EB7C8F5FC7E3DF3F33D7F2BB70FA2F9FFAAF331BAF2BE8FE4E8F57D9F2E5F57E4FEB7E4B587D3CFD1BE5C4AE3E1FD5A152CF4E1BB1E5CCD74F5C5C4D6B1798BEF7F3FF00D03AF0F81DE3EECF95F27F47F85B3E83BFAFE77587E6FD5FC8675F4BE7FAAB59E7E3C3A26BCFE1EA58DFD4726D8F4E5EB47C470675ED7D17C1FDE17E3F8DFA0EB3F3BF39F47F3BCBBAD39F6C7491E47475F177679F6A6BD1C40603201CA800EA5948560C214D2100372D5852674D026EA5808A9825821A1B9A51548EA1A306494134CA918254A258AA9A06221A15791CFE879DC7D372E66A4976355995EAF93EB77F369717F67E0C75F3C73E9A656ECEA7C4F1D3B3CCE89D67B4E379D7579FAAD67AE719CD8D26FAF2CBB79671D295CEB0B7C36F3F7E68A3E27D68681F4F3F4B1E2ADA7AFAA26AD60B827BF94B9FB59F87D3A73E98CA31BF6FC4A72FD078FC5AEF1ECF85739D7D5F8FE71ACFDD72FC5EC95EEFCF6735F7E7C246B1F43B7CC692E7EDF8D39DFB3E3E912CAAD66B25411E8F2F54E5E94B3B72408B4AAA58420140494922C86500A9A068693721422AA5A0060D022A471412DA941A4400082C4C040DC837144AA44B01B9A5159661E37BFE3F3ED83A31D79EB4C6CACD82E9C0D67D03CE3A73F44F344F4DF9967A2BCF47A479B677AE047BAB9EF9F0D4C265E93943A5F28751CA8EBCB125A09E5D29AA17473533CB5D85D79E7A0ECE2CBD217CFBEE69E5D77D1C197A72BC4F76D7169BEA9C997A499E27D64BE7EBD6ECE3CBD10E35DAA5F3F5EBAB3873F4838E7B897CDDBB66CE18F459C7D4EA4E8297A92C43242DC500024E41321014E939443413091A0691579B281D26805505121A0824731499503709A141A4292010A0D000526D154BA7E7FA18675E420E5E978E91648D90DCD82A995095957352A1496E1979D49E9EBCDBF3E149133234369AA6D934A897410860390A9A1B91295201004B1CD4AACB5464B7CEF45AE21B135398E6869892535CEA900246E1951484D356E51DED3F5645484A825B42006206AAAB37A220B094C8434A0801A04C41CB2C863960862B1163800B8A29CD0E691359D02B88632A532069AB8A42010BCD9E347671F2F529A9953CAEC408779D994EB1439A057518E8A845A37ECE1EDE7C536E665502A4C60D12D20072268526810E8CED8845414D52A4E42A2929364A6D728D6ADC15E77A55F3EA9B09679E8F3B4A90209CEEB5AC12F466859695D54B69E8D0BD1C6C96A008D0D653485455538455C51484484944B10C1308698B2509205534426310D0800045311514A9520A040E1949000A1B4A9810939AE7F33DAF139F602B1D71545936909CB0043A8A0A026A58DAA2BD0F2BD5CF2A92B1CE0A95420772179891B2952A42A4034C6A691CB424DAA54896D82728B4865A48ACB41792E96BA46998BA69C3B26D083257175AAD2F3CF2AD1914399601D6ADFAB314C000690134843749521B612351299430860098C5481A1D256892A6096C40D52B489AA0043482840E5B24A094D00DD43744B084364F93EBF2CDF957272F439A8B255E6348A63513505689544D246B32C3D0F3B599ED39A32EACB2AB5698BB7BDF17463968E5CC36A910D0A9509240AA4D14B5750D018254965504D3049C96E4182270DD5BC7B9D3778EC3CF3C67A112302A51ACA4953497BD33D5918EA5548C4C4AE481A1B9650286480086260C0450206B52E2C6D128081A634C406891C8C1AA1B253129A6261533A22060DA51490AC425A555E2E7D5C9C7D559B52A8A8B126ACA6AE589D62A6C712391B4C56835724A0C2A550AE43A36E3BCE3A44F3C50313024B0974896C0100D22CCE9040A50C96312B925B42A9653CC3470F7512665C63D0B05A926931899DAE6BD79A4A843448D0355086529B09154218A865923450218102A081B54EA512A64B0572246A92CB00A9A069D92D8269431554B970E58A9464BD15C19675EB479332FA79F144D69C9AC676AA5AC02B09723D31D0A52CB52ACA51528D684B726F9D295D67638A42A90B72C7B6049DD7C9D19E2D54CC30069A1269552638D2521A6AAA5975148210E5B526E11098F0DF9EED6B93E9DB69CEBBE7037C3176E8F337E38ED22B1CD4DA3B4A5EACA1A5AACC4B4989886806E1834C15CD0270902800C60EB3AB04C1B525920E2813400210886263162BBBE499AED5E66535EB65E65675D5964A5D325A4DE4B5CC759DC22B3AD567A919ED999BA664EA2C33B926E6A9AA5100EC1B52AD32A2A6A4DD2A958ACCCD201C593708D72BA0D320EC3934CF2DAE0CF3D2184B041B1472843A268A496324A9182010B2363CB5CEEA10EF6CAD06C62BBCD31D8E8E5EDC36F3E2D35CB9FA693F5E49A0804340372C6D3944C44C92A4626354982180D3192ECA2286984D4054B91B44368A5344263A7E2FB5C78E9C0E573EF484333B354A48499A45B8CEC5572ACC1DC1A98EA4D24196B859A6568C6AA2CD5272C96815320A438A656B86F2C5B82D45AC16918983332D2626C1EFCCE67AEB09CF3E85C7375E93E3EA9CEA5C4CDA1AA1A408A1A0512603625521CDD18DD63AE2F7D757379AAA286196CCD6F7CB9B7AD3963ADB5E8CB4108602A552E88010DA0A490C40D375254880840E914829A2A1841403540080145120262A189E1BEBE0E5EAD4CEA556914E599AD722EF0D0A86955CB4A92A5CA82CA422B2A084958E5A2D340892C564D450D923DF9F715454A46D98AB3A1AB64B18A34A3371426C1C881142A70746BC1B679F5BCDE7931310D89808A904206A853A233CBAA6DE2ADB1DF57595CD56768CF653AC75EDC1AF3E3EA04FAA3112B1346D154451486675331AA8AA90A8451400416A240A62A868740000C904538631200437340D04F8BEDF9D8EBC4C39F6B86C9A48D62D4646934DB7133A4514914C0CDCC8D5C19B6AC95A6614A899B91DE7430B11BC11AE5ACB06B208640C29E7A151489A843061517638B518D096AE6E5CCD0B17473CCCF7186F9E22148C6C22D24524AEA59A250968A5CF3DE0E25BC6FA4C5AD69C529359AC64F7552EFC413501D925C8DB01012A826E48B114C960D1002573484A90342590144B04C013540D13684504DCE2BB67CD19DF094B9F7AA9B96674CACBAC68D73AA25A94B4928E516E190B4929C59946F9133BCD9969A5CB82DF30B9D0CDE9234333AB80A4C51523202D0056745C5333A68E8BE52E7A2729A6359D09C9A3CC2A228AD2333B74E0E9CF2DDA59E6D504AB829C50E5A18204814EA8CE379B79C1EB5396C8F6CA5E8E52AD44315511514D2188004343068189D0E5C24E468298AA10C05522180C4AEB9B19AEF5E5E735EAE3E7C675DB97339A7179CD6958514AA0B712589923074809A9069171488A5605320B90004AC26A51A48E5C8A565DE40C486E28269098015442B62544674F3AD52A8CD5455DE5254E4ECD65494AA4BB9DA5CAA24D1E21AF6F95EB679508CF36804C92C190304D0588449B5CF3E98AE78E8CDAF6093D5CD9245E7689540818305A26AC4304DC80048206982A225B4524C6A9521B8F2F9FD0F3B97A6E426A1CB34159134849A134CD600925964D846A88A90D736E215C53B9B859EB9D3BC4361512892DE5454390ACD9A26CCDA068B58AA8475142CF6CC1C329CD12A81B8CCD1665867402A9169362CEA6B470E29482A288D258FD5E2E9C71B03384385B4C421D2934922925AA80D0CE86948F3D51DED3F5650000D64B92580DA2C648599B2C8A80612982630074004B6811426223C3F7BC6C75CEE2B9F60ACCD49638B8191629D119D3089D2034CF52844673735778D970D027268912C2B9B1E993349A71931D2A9D0CDDC89CD0E2C25BC8DA63420B81A525CC4D692A0A79D2699915A39A80525E7A4054D84DB250C9D0D2564D13A3474BE3E9C71D154CC0D3470356C069829681B12686B21447374E375EC247AB9A5444B6E8064AB440D40215A6000944B040369942280504B40C004AABCFEE89AF1AA6F8FA42E48A68B954451425599350CA8B66572CAB8B851BAAC6B491A2E329D154D2A04D4B052B0B9638D73274CECB8A440A4D2F30ACD41B3C2EC166172D0AA15699E846577229DA49659134873AE6273609C14017B6772D9958EA64D21D17BF13CF3EC26F3C9341A4890552AA84260310149123677153EACD380A705311148540992A90AA594872CB62148A64B1000222939569B20B48A9078F3D7C9CBD364CCD52A4893951CB2E688C1D94EA34339D330A8A34717065714B5CA8D5490D4C5689304C1C81571611591ABC3336C51609A09A2CA025802B49A2334DD8E912A91D9A1332D340C90D3311173A525A1034CBBCEA54B444B8D0CE9A3494C5D5CA4CF7CF374E78D81209326E6862689A4A2720DB3B10FD594E8A49912E90D2426D8952100A340DC96369C09B10C24A7525E7011E64DFAB8F96F1D3AF08534D0E6873250A861519959D684599E7BE63BC741C5B971AA8B2EA58F3D48C29BA6D5111AC99D2659949ACE2ACD8864C8ACD01CA900E4640D555E5A4000C54646B9D319114052A0CA8A26358131035A09A045D0D5A95699A344A875013360AB3D487599DB7C1D19E5B03CF30960D8934984A6AAA51E9CD4FAF2340DC50C009A426200A3329448154985003268108572150E45E27B7E5E3AF3EB1A73ECE2A41E545A1990D1ADE145C5C13A66CD73A519DA2B442821C55D67655E6C26E02B246D9645525490B48079DD6921133609D320A80A9A266E454B42169037362CF481D43070EB44542AB098E825E47B4D67A6C445C22C9B21B0AC75925A9344AC92A06E2C8D2595041BF5F95E9E793079E612C45599B691C9D6C6A4BF5690D0DC8524144809B13001144D8431453866866CA403421A4D5707A184BE45C9CBD3734E58A458B54C2064A7252A665458514653B62379D15341952CCB892C1135552E2D291B4C69210CA752E1B902A42A5C8DCD0988645970E49D3365E56CCF4D28CAED4A5206922D261490801A74437252112E914E1953591AA1912F037CF3EA4E6E9EBB9CB2B758C26C49095B218030EBE7DDE5A69FABD0C100009A0A96AD3110C12A40D0A86806095092C060D55485C376788B7C78FAA9AA9622F3402949D209B965B9609495A4056748CD81579D0B1DA4E729588A645944968CD54531B896031314DC0DCBAB1D464382E5D19B34A97A5CB93D488AA4242054C9AA9289436022D038A265235ACE84AE4A91134E4666879DD5915DFA679E1D08C7369508252926AA8625484986DBE3ADF168E5FABD62A9070172325D324B801381548C6EA4A512DC8DC954450E6903CD8D3679FC9EAF95CBBD89E7A4E5BC195CD8D3084D14E2873724B4CB73719AD73A4D58232080A4091D6656C250A5B25B91CB29500DA21816538A96236B32DAAA25896E7346895881934D0250684D914A855305CAA216AC8622908D0CA0D71534C56937D5D19E78EE18E6091648524C1A0120A001CB442A5E8D25DF9F40BD3EE72D52630B822C90B8150321B865292A89064A1831301A64A875620A23C4F7FC4C758BCAF9F653611690DC3146B24DB6854A95C5CD3B8CD37CB9CAB9A0907626EE5C4102A04143043498950414172E855A12E756C134279D925333BA648012AC934443A90708A1D99D5325CA1B9413A201872AE9CAC4BABAB3CF9BA956398C12B3686D03534AA80154A0952CD0C87489A5AB3BA6AF82DA3D3EF72C543692C626CA4984AB509B621952AD10510982A048D00C6A9D0A0F37D1E59AF2EE1F2F4EC938CD69149AA0290888358CA6CD14B1CDA12AD4C9F492E1B2631547347461A0129A563654391AA04D324A086E8AE8E6A9762288A0294A2D2062A0A525901A6680009A116A684AC336D8AA419389B4E3761D7C5DB31D0AD73E32C6B2584CE90354095218312A9070CA714345B38F45DB8372EF9DD4446F198695886AF10D5661A9906EB10D8C4357886CA74EBDE01F5F42A0A268216902A94592E56A99E13D6397A47594B511165C81317050D0176657B519BB513499645AC67A669559B5BE7DE0E64D6A592453192AA41D6A617A92D05111AA24CD94D58968120C52A4A0A21D030412314DB33D1A2894395914B32CA9194901DFC1DD31D485CF90C923130EDBF670EFF2F134BF33AB5374CE510D00AD22EB672C35D4BC5149C90D0261967A72793E7F47318FABDFD5A71DE33D52F2F3F8747E89EBF679CB4E1E7CFADE73C3CFAACE6DE839B7935E9E6DFD5EFA24F67D1A482A5A192E100A30440579FC3EEF89CFBE51719DD12CA0643DAC9B2A5CE7490BCD9A4010C0D1E345C5A2018C4CC23A79AC43D88D28962C0779E838BCD15E54BA4264148DA092E5508A425484E51A19D94806483273345949AE79BB3586814D08A834ACF54CFD28DF1CAA13CE1A12D72F6716F5DBE0F4474D9EB7374F3E4C5BE31956F6E38EA2BC5886690C00126098CE5E7EBF2B3DBB3295EBFBBBEBC8B3DAB6CB5F27E47DEF3A3D7F77B3CFF47CCF3E4E8F5393A841375A79757C7847473F571C4367AFE889AA43400430025C8392AF97A2A5F9BAF438397A2462950CDEF1B2AB3B95E5AA327509A3CED4CED13540CA089B948D04B596A185542684E8B13AC85432D2642683580B8193528B6902684CB21DA13CC2D4C1AC66ACAC801B053A000195CD5356A0F4FCBF433CF713C7395408729A655A1E7E9E86BAE5CFA6AA7045273060952043134C010001491979FE872F9FC7C46A7B7F4D955D4E5DB0CF9DF98D261F6EC61D0B316B93B57AFE563D3A7562AB972D7AF93A3BFADA4FD7F45A0A10403640D09A298C84D0AFC6F6719AF140E7DD67A2B17473ED2EA252D137198CA4C64AD249B866959B08B4480689519C6B99559B3463339D251D4D2A9BCC420A2A8C4DA09BC6CBA902492967166AB2B0CF481B4C82C21A60300A664D825503EEE1EC98DF6C1F3E5A3AD5CF9F6D8BC274439342469A284C000042A4C0004C12600C1C335D536C929A41A4923649684A859290982369F4EB213D3B5A9B26860206841373098C4E90C92B8FC9FA2F1F1DB9A519E8EA08E9154A340954962A1AA081E48EA3451D49239474A94CF5931B90D6B1A2E184808EA5AA4F329E3959D58265699E92D2984B98742685501680A218E49289A18994430422B3B09EBE5E999E91CE397769C7D4F9D4D880021A04313000010C4C06260243006265293D3EFA0004C015341000024343A4C60350800060364BA5493A2552134434000C516D7E773F6FC6E7DE5B535A6B86E3A972D4D2331A2AB3A1E7A045CD170988A80A41520494843B13BCC49E66B3824A91D28D33A2F3B2AF3D20CBA3225262622AF2B14D02A9A09A90698D292C28CDD02041AE3B275AB5CF86B514F9FD8F97A9000010A9300000258003130246002018035E9FA0C18024010C18C4E92A441A492C2131A952D01A0029A000400A18988A645390614797EA29AF9E9DB9F97A1EFCDB1A31CB4A9133A24548526D1080BBCE8B45119DCA2D6695E7522ACF1B37CF20D1A44397542712A81014F4871AE5A44B0C2C9290098DB091234861345125E43150860A7481E98D9E804F3F3EB79E8F09B6231DAB3B06980983001034031301301A258C0180CF57BD0E6052C6E4284C06C4A952294201418228B101095040D0C2955210690C6EA0723242D2519787F47C39E9E4688C76E9494B551625724B48D08B227408A96940D60B9198E766D94805049256895C4BA815E562540A941A3CD9B9939648AD4B41129A18D92D0588250C001A76663434C2749677573ED8E1A5E7A4F080399D7C94752189B040C4081803963040260D00C040BD5EF69301B896D0341643A6E686921010DCB0002A4136C91B10E06E58DA2992C0140D9495220A51E372FBFE163BE9B72EF9DEB789152D28E441CD2DE752452CCDE39D59BC402A40310D012DA19155535519DB438B9218E86542D71D2599D30B35218E028A9A843062621038B09A48A40396134C176F1B98F435C76C7CE00720035E8E2E83500680454826C4DA04C10026000C187A7E820106982A2A0A509C85901486A145886034C11204B284A2A46A98D188A902289634C12600DD67C9DAE5F9AE9DF9F97A2EF3B95CDA58049519E55BE50C72C2532C7A6752D0984540DA64A6A8623426E2642A9AA889B918A85AE763C7A3207344AA42A90648684B25541AA481CD92AD08A44B1881D74F6F8DE9E3C3B019F20000075D72758048C029260C4396C4AA063608929C9EAF7D088A20AA2580D40A824AA25905C8C4C7409881421B24B448D0390A135622CB148028A720C40D264F8DEDE337E6113CBD1AAC20D734583025B436519AD20972551551956922103540A6909CD142451214A912829D0A2F2DE571D0A49CF492749A1C341A403CEE46DC8AA58E4A01843403288A92E7D77E7FA1CFE6004E6001A661D8F0D469B1003131C80340D142A9648E7D5EF1A60C20103701426372081854954D21124592CA481CD200629B4494C9A0A0011409804D4831439A0F178BE8FC1C76C844DEAF3B96A4624206980C20A91BCDD691646754A9A8B846902A965E4C01AAB5351038AD1A22A954B8B4ECA4E486D8240EF3B1268A9405265488BCE9914A8971A1287647A5E739CBD822F9FCC000003AB959D436273426D080150804C1926891E9F7B43500453A221D04B6EA0A51205152C6040364B6EA5A0693891A0A4D4121898C491B4C259454852486870B9FA5AFCD1E9F9DCFD09A99689B11A663728001A0115354E6A02647A432E13216850C204829C83CED05E6CBBC6D666E5194103026905450E46269827443705C80A8645C512C2A0693A3D2F1BBF3E4EA031E200000BEAE2D8E99188725C5048E4A54039060FD5EF9A140C2804082004A0846D036024D03189304D949800C126864B294821A862A1B945262A188D260805E1FBB94DFCF1663BAB95179D519569348080B804E4A79D14E6895729704A8D0145125662A5A53944431D363879E98962B255E6548C5482A6A0B2592C01306982BCE896D914992A958988F574F2FD3E7F3581388000074DF1F614E18218AB3B13609CD0907A7DE0C54C6923436A8536199A150ED084E10C072AAC963250C4A2C80A152A18923625409A06E5D08400E11412E8A42238BC7FA4F173D78E879EADC38A9AA336218804D04B2CB70E510C54A84D4826E95A21C80ED0296864B35CF499521D895C1448269D356A134C82A46A9149310C26E68913246E90C176E7589DA45E7E40020005C076186E26E4A9A40D0567A5106D97ABDE04839714E194A429E6CA15512C25B50000521272313189A831182AA1204D439684D821A0150DA45A4509848C1468A5F9FCBDBF171DE6939AB4884309B540AE495523BCE87204B2A9B4429A42A014B64D942918AA4344692F3DCAB2C10AA6882A4B2583014B4364968A24962A9A010069D89C7D09E3A0A942EBE4B79BA407CC0000037C03B09B26A58A8097599ECE5A9F43AF9B97AFCF8EDC06B18E89A06E680100036A4B5344B18810D490C5426325B62082D0C07252010009035409A060034C0004D0799EA26BE6E7A30E7DD54B5B488A52AAEA2A1C5221B06E18C525D65639D110E42A2D13A6745A485680D33D173094B4D034C51A6650AC8D240422908A1A154A186959FA1D7D3AE52335CFCA9EEE2F3FA8964DA609B6BC9D2F9B403CA00000FAB92CEB9742498DC87AC07D1EA002E6EA25F2A7D6E4E7DB95A9C6D8306D12D821C8DA64B189AA1022882AD4A18EA268544B04DD122212B09698C486E4292069B25B7484E30F13E87873D3CA9A9C76549944D04D21B80130559D50C2070EAD15111AC551350905592E1310EA5959EF8949321B015226A684D31CD2114862004CEAF5FCFF4BA70185C13521C1DF39DF973A470F58807532CF698ECF8E00C000006DD1C3D468084DC9EB81F47A800000011C7DE675E39EA7173ED830CE81A06300013010804C60C430434206A54A4A2406C0074A5A843064B18219343064B65001E2F2FD0F85CFBE2853740E25B40E68A9611421CB6481541509344500458152C152192CDB1D265CE969640E4A0913564B4CACEE0B4806A840CEFF4FCDF4BA7060AE05481A672F07B1E672F464073EC2A917573370EB137C9000001A0ECAE4EA15A83D803E8F500000000000031E4F44CEFCA3BB939F58429A1320060D14DA0534A065105A10805482A429260982A65243896D0C10868A498D3096D0F93AC5F9A3D2F379FA1D64E5BCEA89681B189340E41A720D036321B45C0C9A90B96038D01CD2E352D18D0DC800C048B9A049A0A40083D4F438FB3AF9C60CA00001E7A25F1DF6F179FD626A682892F6E5DDE0B02F8800000D720ECAC353D703E8F5000000000000000130E4E5F5563A7967472F3EAC925B49168158246E5D34809A225B6B254A0C6024524C4DB1002A4C25C826C43019251344787EFE537F3E5E7CFBD26C91C85CA35500C24B928957232582A42A9B24725098003BCF4331C9517036992300018D0261373D5661EAF469BE402BCDB9A100000D0C9F3BDEA3E6DB5E4F689A002BA1E1BDF9000E4000006D887D181F47A800000000000000000001161C187AD973EBE72D71C75A4384D508A752548C907298300410861448508114C91A13284086931301B92A908E1F2BE93C6C75E372B1D680246C6E582725134134840550C89A960AA4553412C0A02B3D331A015CD92382A6A0D0409EDEBEB1C9E886F931365000000D0ABA3AF78E5EB674E2016797E47D57CF793DBCC079FD48685B645E7D24D5F9000800001F4607D1EA000000000000000000000000061B92F991EB73E3AF184E3A312862A54340C11CB04D039005481A0686037484A2800121A6C9A6A9CA7067A8BF3B9FBBE2E3BCDC2CEAA46082ADCD448E4A0424C06980E4A9B443115340AA59AE3AC99B013284AE425E847A1D5D3BE401AE48686D312A42ADBAF78E6EAB37C803590000039FA097E557ABE57CFFA626676801F472EB7C7A817E7800007D181F47A8000000000000000000000000000002E5EB25F28F4F979F6E642C6C1B00426EAA4084A826A41A18048DCB1D4BA1304350A921B96000022BCBF49B5F366F873EF4272CAB81526524C9A101520C026905C5133A480D0557AF73E6E7EEF8A7350E6A44CA9D3D5B9E4F559D38B9699600000F4ECD6797AF43A7100D640000000000005F3BF47CDCBB7CE8D787E889A04C37AE6E8D7CB603CE007D181F47A80000000000000000000000000000000000471F799D792BD2E3E7DB209CEAC5548730D2068A24A096C25520A90A4021B01A004218008A1067E17D0F0CE9E4B1F3EC022532A84E137050ACCDB81B18980D3D0C7D0ECE9DF28A0D737C1DE97E716F8F2F43DFB3BF7CF3D53D72434800069D9ACF1F66C74E401AC0000000000000000000078FE67D57CE78FDD801C3D28682E15CF519E97E38033F4607D1EA00000000000000000000000000000000000000018717A8677E49DBC7CFB4B979ADA2A9245A4E04C24602608A09A1288A44DAA06A00420609878DC9F43E163BC3979DD4342B960A909C680A912D311AFAD73C9E9B3A7106324B414839F4D45402269A85F56B3CBD5D274E201AC00000000000000000000000001CDD24BF287A5E6FCFF00A8019D2003A39EAF9F702FCBFA303E8F500000000000000000000000000000000000000000004C38F97D69C74F25F4F373EADCB9684500A11481A40364B684C430062434D923434D2BE6E80F9E5DFE7F3F4311293486E68408B71B197777746F9431EB9AA4231229260086D031F4D9CBD7D2FA724C37CC000000000000000000000000000000009F9BFA6E4E3DFE7C0F17D013049869AF2EB7C3F5007D2F3061CFC37DE7015DE1E7EF3E81CDD3B800000078F8D7B029DE6CF38F2F4F44E7E8F57300000000238337D2035000024A382B9EBB4CB963BF3E6AACB0BCB8F6B25EF549384DB102134C434050480ADCB460869304C05523F07DEC66FC0B279F7A974402AA5AFACCF1FA6DF4E2C432988A131000D03474D9CDD5D55D39261BE60000000000000000000000000000000000000001E2F9DF51F39E3F7E4070F421A04CAFAC03E97C8E6F13D8CBE3FABCFE8CFA768E3D85EE55C1C9D739E9DF31DDE56F974F34E92FABC7D9C7F47CFCB6F4F87EBC37F3B7FA5CABBBCD7CAF5C72D6A75E1CF971DFA01C69BF6F1FA3F4B8EB84C722C783D5CEF934CF4E1A21F4C6148A50E7CFBF630DCFB7E4F2E3D7E6C75E22A71D00218CA42204D9230434A34148683906204D0BC3E57D278D9E9C951B63AE7DFD9D3BE514D6B9269826869B258861B565BF5DF4E5161BE4000000000000000000000000000000000000000000000717699D7CA1E879FE0FA6019D200FAC03E9FC8F2BAC3C1DD7281D5E5066EBE1063AFD572075E3083C3DBA643DBCBD6E40EBCFC2EC0F2F75C81B7A5CE1E2D6FE487AF3C5F46135D9CA1DB8F91F581ECC79FE6078FA72FAE18DEFA07D0F3F0EC1F0FD2B70FA3C79730F95E8F6C0FD178400E6E30E5DD506362000094154C259602011A0528054089029CC0BE17BA18E9D206F8DC052610980D00C0AD7D00E9C4037CC0000000000000000000000000000000000000000000000000393E7C3C7EF00E1E8101FFFC40002FFDA000C03010002000300000021AD80DD104038D12999DAE781CBAB7C801AD7D41E42F9A5A721FF00073D01B5471EBA9DFED725155F5EBFE7CCB0FB8E889011F9DCF2F42FE5000052070696656A546099911DFF00EE2B8E6833559F2BDBED13BF96F9EB7FD1A3D636CF4C72FF00F1A8507FBE2CF0041C91BE77CADA789067D174DE8D1BDC55D45F6D049D5DB59242280FAE356B56156259D4DF7536DB436759788BB3BA762A4EB765E568238F534210C3E31DB3CF3CF3CF2C72F371A1436153C5BA9B97406A4F0C6ADB8D6B26A20BEC0C8AE1888AEDA0664B2AB066A2D8E39AD4D9580A22B2F2A849BAAF9B98E81526D138E29034989ABD4A8577B7A6E9DA81F366CCCB0DFF00D7AEEDD3A33C53CFB5523C6E9F852F9609A9A6BA4CA0E2078E7B2CBEEA6F2CB96441135CEF85A867B56BC01C41C0395B7AF82EE7A8FDE3DCE4C09CEB8701273AE951E54F2CC6B6CC711FFBC71F70EB1F5E716E64E6857E588468C6FDB1C98758756EC62132961CDB675A6626A3234B8A38BC422062918574A6295CFBDEEFE3A45EF35CA5A3CF3A6D7F154B576DBBBABA4F336E749720269A2A1CD35E90A5C04A410C22921C4E7B8CB50DF27FFAF5EB8B6EEF95946C1557838CF4F7BEF6F32BDEA195FF00685A117D129782B8230C108095709B747AAB7E749C99B4A079A3DC6DF69B5F0665FF003F79FDB55D46CC5AEEEF718258FA53CB90DD9F509E982F219E4B10A3C018A43BDF71F4821588608110690069D77E7EFF00C71C734BADA36EBBDE5599414B99D94EA48BBD098BD86F1CFEEBEA82072354D83C105BD000D1D036C720453E012AC177CBB0A3E5D05A849C773BFF0047EEF4C79F1071A6DDE19DDA4DFE34EB3BBABA35B13C30BF3CA2064F00482597BDB74A8A628FC100CE31DFFF009665DDD6EFEE7E591F30BFEF3BC7FF00F7C5F7B0E9349B8C8ECEE2883CB1275B13E6937D023158D28500C39A2F0CCB1511BA7DF4DB55ECB1EF4F3585C9669B8C76924C3955C7709FF64CB656723328796974D26E878930934B28E40D3CB28E0E11BC3C120E7106DEED67BAB9D75DE3F97FD21F6BBAD690D17C621BAE9FC356AAAA25A48677DA59861B2FFD790C470F234DC845402868BFA813C87FF39CBCFDED259E27D054F7137FEF226CDB781D8D145DF6D6B49E14A6E9A76914DF4076C021804C39CCF9EC73A337444DF057115D06E4FF00CFAA92D9982887D1CD7D90A4A2481ADFAE63E609465D32BFEB12FD205945469A105350CC071A3C034CBE4CD1A553D9D776F1F35CFC454F1871659D557CF3BF33DF2D985E292A536E1F27E64FE179571855D08C61C79C78B38D38434B0C8E6E9EE5897A1F192A2F1AFDF73273E55869041869050759B639BB924806BE5983EC75A94B964DA64465E0766AC77E7831D930CF07DE89FF00D3285F41351BD9F57FB648B3FBCCA0C70E72926B444D5FD1AD145A857B6E6853483575DA4164673124C84576CE34F1453440F32F97B85FAF3DFF002DDEEB453AC75EEE087F9C4A16885AD7DB511D9708F65C8217DB6555161B9470ACB79CDABE2CBCC2483CE1351D49D4D7EFFF00B1861C69A7F7CF54B0BD6B92A5CDD45DA454C9CC1D99095F3F8795191614A1FB2E6E5E622FAC702B8ECCDC664728126AE32A6B85A592F33FB64D969371C70900655C4688F1B155418D363069B08754F58F48102117DA68D2EFE24019805860080DB009F5AFDE65EFE7BB0EF7C10C72E5263871B40F66E6ABF8C93E683AAE61841B99DADA9B91ECA67B2DDEABF1C1441DC9F2FD2463CB2C1CF05BF6956D3BB85945399E0E7ADC5CD347C853624FEE2F5B174E2424937D18CC4D98C50D2A9E812B822597718E953AA1BA8C10B447EC7AC32B2B4F1C3F4FF2AE4CB405F675EA3A3A5CC6A69EA16792492BE12AAB602BF927B6C9A29537D450F59404F3C0DBA34501E72151A6B755659039658E7C39538DD100ED7CD99DF1A43A888552C931C20A6096BECE51F94596B40555E79B6D12EB20695C8B3EF5CF3F7A497CB3DB4EA6D64A884AF81C90229A7AC64C86F8782BAAACB2A9E2A6185BB14208546493790544729918A3D2CC336E76D78AB1D71BA0938CA3993282FAD4282E005AA939E98A1BCA8319E10BFB3620B9186DA4DB30A2A955745A9412A225C1863C36597127147F1D1DFF0094DE61767400E917BDA5ADE422562AD05AAE728DD507D5E46AEF34F3284187DA46B90905BCC234A10BBDB295FDB4F2D50FF769B49B56E4D424F6AA76CE798B06374D28249F69B6933BD248B39F1E21197A449F29C50CFF00FC1050301B24813D736ABBE9B5B4C534F3AF7F18CFB9F4B2E5A5467EA682FCCD86192DCEEB6E9035C78CE0AAAD35626DBA9359826E2840A52C224B9DED39FF00BDF7AF3DB3E9F4596EDB0829F765E98430D81E6B3C18B485F89B8E188318335F70D2D1663AA3B903C794B74301AECD75E6DFB6D1CF1420550195D2CE0ED00629174868837A70128507ABAAB578BDCBC38836981C371C9A14AF95C517045060BAD2DE41E79DB393064144A010BDD17F3CBB599C2C857381D1D961039B1CC14BE04AB38A010B2F397993A259BF12BE8F3309D835C5167D97D96DDFEB1BDBEC1612305FACB94308208D01AAEE8311A441E3765A0EF496ED7A381349A62BF2286DA628DCF6B645750410610516415AAFF32FB0B2AE1249E6D7772E3B5020A38DA9EC0F3AD5D0B2E3184CDDB59EECF508EFDED8AC82796BF4F21265665E59C41B7126F4E705BEEFC4D7E35E346966F4F3687DF5D4CE9C40A204DB5A9E8323D3528F797BA2B608F39A1DEE8135B64506D949A49A7917139A9EF5C90694EEFF003C51B770E31C530E7F6147609FB063B81CD6D4B8FD610DE9298ACFED928B7EBABA6A9076DE79051369065E4D4CB3CF8C51CEEB13C7DF62F7E6D17F0F6F9D00A65A0F5481B75E1F5A2CC2BC6411AAB9A24A2DA68E61630A4C79F6D06966D275D59CE3EC9065CE37CFEE3DE344D1C117BB49174BD857204E0B68FE6238B3822DB22C06CE0C64EE0936978C20A4765D75C4D8698626EFA77EC7681745179FC28D98CF5FFE79AEB423073DC9EA958A934ED88CE78D66A283B92F8778219E62E082485F69049455E5D76F1454E76E74CD07FF00FF002FF09D157AC77C138A8C38830A4DDADBD2BAC86FF01E4292FAAE9E8D2A837AE4400820896717450519611630C78EBFC906F5FF004C34FB965371F7F5DBF73E86FAB7A4CD4BAE29E73113F1BA956FBAE8E1AA69A2914C3082C11F55D613753DEFD30ED7F9A4FBD994BBEE18EBF3B4977BAF45BF0A6DFAC12AAA2F42E239A994E96F8F7BAFD2B8FBAEB3F1020824096415612499E5D6F48BBFB1C37C556D249157EC70B36FB4B099F82EDB63E3DCEEB2998DA847D7BE6863D7CB29EACA2571382082B4D779C6D0F20F7EF7F710F3351F7F3FA1DF6CB161DC77777401E31AF2B56FEEA34231A768E782582E1E6B259ED9E7B0C2C0C2082E71D79D7AB6BADBAD534BBC70CB0AF5455DF9F3EC775D87A8109FAB9D9AEABCD9AFDAC9A3DA3A26A21C6483C8FF00BE7EDCFE082096C67D65BF807DE65545269F4B2E72C79F36FB3D38D38DFF00D404C7D819F8ABB9E186DEEB86A226D25B3BAA5929809BAEC8AEE0820B6259E7CF2D427AC78C70EBEEF3490C5A593FB3CF0C30DD1EADBBB92FEA227A3E50F6335B9663C863F26A3DEAE4F5FF001180830820A007DF3CF3CFB29F7CD74D3BD3EEB0AFFEFE53CDFDCB8C526290FDB27EE2C0C8ADB268A3D6A92996A86FBACF65F72FE13478A082091A7CF3CF3CF289794DBE615F3DDB1E76D7847DC7DD37F37921BA7828862C2AD24CE28A52EBC66AEEA30FEF6BAD71BA1032C20820BBF3CF3CF3CF3C2BBFD7597A79EF61E31FBCFF00AD74CF3EBBB63E639F09659B5B68BF09D5F7BD64A25A9637EF35DFCCB5C88420828BCF3CF3CF3CF3CB7E63BEF1569D619FF4EF6FBFEB2F395D9469F6DAE09BC07CAB09ACE94E298E0C9C0F0DF1F4B7CAC39E0202082F3CF3CF3CF3CF3CF3E4050F29871CF5DFCFF77F0CF0F17D2C06F8CEF64A20E65FA6AF9776B2F96DFF008D3F4EF3CF2C2D3ACB0820BCF3CF3CF3CF3CF3CF3CF6ECDFAC14E39F39EF8618C78E3FDCD5F7B22E6DF2DF2DA75A08CA7CD7FF00BEA3FCF3CF3CF290D76CC082F3CF3CF3CF3CF3CF3CF3CF1E49764F6DB2FF00DE79EF4C7CDB4E4697817B9B9B74A2CAA43660A9CBC6CF3CF3CF3CF3CF230F71090BCF3CF3CF3CF3CF3CF3CF3CF3CE50AF5D472FFF00C7A930430EBCDA88E2BBEA3ED23237EB36B9B0D5CF3CF3CF3CF3CF3CB4A0EF082F3CF3CF3CF3CF3CF3CF3CF3CF3CB28BDF177FE79F3DF75CB7D65CC9FE286382EAB3DB1EF1B6F3CF3CF3CF3CF3CF3CF3C7834DBABCDB4FF5F3CF35EFDF3CF35F3CE31D773E12FB1CFF00DB9BB3DF2D71A2EC0E9C3FF2C7BDF15CF3CF3CF3CF3CF3CF3CF3CF3C203DD1F16DCA82ABC4F50C25EEEDE5E5EF4599A19037F05FFF00B6BAACF3EE86ACBB8D30EFF14F7CF3CF3CF3CF3CF3CF3CF3CF3CF3E243FF00CF3EFC08437BDF5C0DE81E7FD0A07E189CF210FF000DD8A28DEFA37807C3043FC305EF3CF3CF3CF3CF3CF3CF3CF3CF3CF3CF220DFF00FFC4003610000103030304010303030402030101000100021103041012202105133031142232411523400633343542506143511624454425FFDA00080101000107027BDAC6B9F5EB3ABD42FB0E9556FE9D47D6E8D7F45398E618B0B934AA062EA573A00A3BA8D91AD4BBDF018BE0315CDB3AD9CC1617269540C4F7696B9D5AB3AB3CB95D745AF6B6DDF563726954D0AA10C69755AAEACF2EA549D5AA359FA54BDCC2D2D316D5CD0A938B9AE6BD49A74B5C9AB4EDB552A1734EDE90A6DA355F41E1C087B5AED90B95383BAAB75D37894EF6BF29C815251391B460A8D9A7021C0147783E0183B4E63F8FAC235588D60BBC5775EA49C0C752745B42E8D47B361455BF57B5B8AFD8EB669B2C2A9549DAE95375E3B55D56C52ABD6C5362EF75F576FEA6E63727FD2A9AA14BA6D46355DB6C9902FF00ECE9F8A4ED74A9BBA83B4DBE2D074D3D3A9D5A5D7695D55EC75F65952A1469AA6E2EA6C77507914301C69D9B56BA2AB38BEDAD9CAD1DAADA91BB3A6DAA96E90E6AADF1F434D1A2C75662D34E890CB8ADDFACFA960ED56F1B654E0EFACCD351E08E17E11DDEBC1181B2D9DAA853383FC29FE24675B51AAC85DF5DF722F710B928ED8D9D49BAADA69B753D8DA5DB349A2DFA4DADADC77FFA96B7F628AA4DD14A936F1BA6EABE29DA75173187E175457342F29301C51ECD6B1140B6F2C29EB75AD7AC1B5AFDF49C6D98A8B7453A6DEA2D9B7956A7A68E9D4E952E854AD6AF7FFA81F6756851AA9834D3A6DBF6CD0C6879AD6828D57BABD31A6A0A3738B36E9B6A42F1BAADAA84D60A4D6D4A9764526D0AB4BBBCAE9ED8B7FE05E37EC7648E76FBC9C7A41152BDA9528E2C1DFB444FF163C037423C2D4D5DD6846AAEEBD173D7BD814A953E0E13D81ED736B51750A8594EBD6A2668F5EBFA4AFAF1D7D5FBBD3ED8D6A81FC85D4ED8BC0ADBEDAEEADA972AB56A57A8EA8AC2D8D5A81E9CD0F6B9B5693A8BCB55D759AF776DD85676E6A3C3D3DA1ED2DAD49D45E5B4AB686167CB0AAD5EE686DB5035EA40455D50342A45C751655A6CC53ADA016C1BBAE9AD0C6B5B3E7AADD749C0A8E57A4E411442F6A1008AD2A36108F0A54623F3D3DDF5546FF1614782517B5775ABBCBBAE5ADC8FBCCA183B828F04AEE315665BD76E9A9D3DC17C3AEA8F4F67B63A931A1BDC62EE53573636F50EA3635C2F8770BE15C2F8570BE1DC2F8770BE15C2F8570A974F6FB69A4C01BAD8BB94D5565BD66C3EC885F12B2A562DF6D349A00D74D6B62AADA159B0FB2217C6AAA9D94AA7D9A6DD3DC62EEB0AA9D9A80B6A5942F8D5953B292A9328516E9D74D6BA6B5B16BA6B5B17718BB8C5AD8B5B16BA6B5D35AD8B5B17718BB8C5AE9AD6C5521AE22422E0A4210A42E170B505214A90A7130B5224295C295216A0ACDFA6B85DC62EE316B62D6C5AD8B5B16BA6B5D35DC62D6C5DCA6BB94D6BA6B5D35A98B5B16B62D6C5DC62D6C5AD8BBAC5DDA6B5D35DCA68D6A48DC535F25ABE423556A6AD4D5A9AB53507B5771A16B6AD4D5DC62D6D5ADAB585A9AB5356A6AD4D5A9AB5356A642D6D5A98B5B56B6AD6D45EC5A9AB5356A67FC39FB99FC3ABEC1FE214DE1CDFE26A0B585AD6A2A4F9CFB6EE8F35CD2B5D3789D636ED73C5DDBB2869449081242920C73CA6991E41EC2D0D5A1AB435686AD0D5A1AB435686AD0D5A1AB435686AD0D5A1AB435686AD0D4F00147EE626C48429FF00F6C80DA35C3957D3DFADE7AA259908FF0004A68697350A0CEE921B46B872AFA7BD5BC7A82D616B527F854C073C0ACC6B5B93EDA87B0AADA52AD5E8A3616FA5CAF9B4DAEA183B8F83B157B8851AED61A9A6A35C18EA75A2A0145EED07B555A05680D08081E41EC7F0AA7B47EE661D4DED76936F5C18FE01113801CE30FA75182702956789220915BA55BD3A355F634DB56E69B2FEC6953A4D2FA6F642B7B0AB74C2FAD45D42ABA98A158F345A2A55A6CBBE9B4285BD4A8D6BDE61F4DEC8D8D6BC35A3B15A48D9216B0B5AD6B5153E06004AFDA5FB6BF6D4D25FB6A69A9A4BF6D7EDA9A6BF6D7EDAFDB50C4CD1A82A91A569628A68866A62D2C5D83AB4B696B306969687765DC0752D048FDB534D7EDAFDB53497ED2FDB53497ED2FDB53497ED2862F9947BCE736AE9A749955F41F7156AFCDA3FFD856B7C28328B6A5D31D682901F9F2EB2B5396A72D6E5ADCB5B96B72D6E5ADCB5B96B72D6E5ACAD6E5ADCB5B96B7224947EE6269D2E69B9AF4AB265E536D4542BD16072757B6732B79EA8FA9025A43BE75D2F9D72BE75D2F9D74BE7DDAF9F76BF52BD2BF50BB08F51BC2A85DDC3F52F9D582F9954AF97557CCAA17CEAC57CBAABE6544FA9DC32746A629A6AB5CD0A957BBF3ADBBAD7D0B9B7A6D20DD5AB99556A0B5356A6A96AD4D5A9AA5AB5356A6AA9F8DD4FEE45CC92BB8D5DC6AD4C5DC6AEE356B62EE35775AB5B1775ABBAD5DC62EEB50AE023701CBBCC5DE623519210AECE17EA96BDE73ADEF6D28972AB7F41F6ACA47AADB3AA5AB9F7D6A7B4EAD7149F55EEEEB56B62EEB5771A56B62EE85DC6AD6C5DD0B5B4AD6C41E207FC39FB99FC4AA3E9D877DAFF00BF12890A495AFF0004FA5F5AFAD1D52D5ABF1F5AFAD7D6B54712E5ADB89448081720F1EB153D37753F6A2495A71A516E34A2D8C6945B18D28B631A51118D3E91118D2A31A54634A8C69518D2A142D287A0BE2535F169AF8B4D7C6A6BE2D35F158BE3317C6A6BE3317C6A6BE3535F169AF8B4D7C4A6BE2317C6A6BE2D35F169AF8B4D7C5A6BE2D35F169AF8B4D7C5A6BE3535F169AF8B4D7C5A6BE2D35F169AF8D4D7C6A6BE2535F169AF8B4D7C5A6BE2535F129AF874E41F894D7C4A6BE2535F118BE2D35F129AF8AC5F198BE3310B5A6BE2535F169AF8B4D7C6A6BE3535F1A9AF8D4D7C5A6BE2B17C5A651A50B4351A40275308302D21680B485A5690AC2832A7797C762EC3174CE9346BD1F9157F49A0F2C674FE9F794E5D6828DF36DEBD9595B53353BDD1117F4325A7B74EADDB1D5ECACADA99A9DEE88BBDD1176E9D5BB63AB59595BB0D46F4FE9B76D9BFE91F0C774D2A6185D61D1A8F629D673BA331DA4F4AB1BBA52DB700BD9F1D8ABDB31AD62EC35765ABB2D5D962ECB55BDBB1CF234B395A1BA568098D669458DD21160829AD66909CD6FD0287F4F5ED66CD5FE9DBDA625CC8258E60828E86B247F4FDEBA917C034E6DEDCDD57A143FF008D57557FA72F9A13A91A553B763D35DD46A5C07FF4D5DAAF6573668B1AAC3A3BFA8D2A957FF8CD65FF00C66B2EA1D21DD3E953AB65D1EE6FA936B3A93A9D4A94A8DA3EEAE29D0BDE9953A79B64698928B4073506B251A625696EA6A0C64A1419014A9F31FE28DD3B0F86330AE9BA6AB97E113C277383390BD2E99FF9F040208E8D5DAFB46D2B8E8D5454A95295C5E7490FA7352A5ED0ADD4ADEA5D5A3E97E97D497E97D455176BA9647A8DBD4BAB47D2FD2FA92FD2FA92A2ED6FB1775BFF004FA8B46876BB0B9F9D693568F6CDDDBD857A775674D54E8B714A552BEBCE9D4D96A354D4708571F6B11DB6DF7A7B1BADC80031A1A800305AC1CF41E9EDA7485DDEF5FD155D4AD3FA81E6AB19D7EC854A1F2BD85D36D45CF50A0C57D43E35F5D52E9200EAD64BAC5FD7B0650347FA8DE1C175CB565CD854A9FD31F75FABFEB35ACAF4D1B2EA569D48399D5BA7FC0ACD7FF4DFF8770AF7AE5E5BDE5C51FF00E45D415DF50B9EA3DB6F41FF0049B55D7EC75345E746E7AA5B2FEA5F76182015A1B82015A1A99F6B51FE293E4953E2F5E7BC6CB43A7DAF6A146EE99FF9D146AB1A24BDC0F7E9758BBA6A8D6B7EA36E4BA97C7BFA56F7B75F0EDDF5BF5EAAAB758AF5A8D46536E9AB622F6EBE1DBBEB7EB95956EB171568D4A74B8A962DEB7FE9F531D041EC5C3EFAAB1BD42F507D5A2EEF52EB7714F822DBA95A84D0E61A94E60955FED664238B6FEE144025C5CD8C0008973631540ED137EE36BD36E08863021697572C55DDFD43DAED87B1AD0BFA7ADB451AB734D97BFA9D6ABFD47423E35D74B1FF00FAB60BAD595C5ED3B716DFD3AF2E0EEB978CA36C6D7FA6DBA6A7511D6BFD55E838DB54A371D72987F4CB95FD35FE1574FB0B2AAF2FFD33A72EAECB6A7D41B4BA0FFA4DAAE9B7EDBE65665BD81B0EBB487F5189774F4785C4C68C0898D09BF6B7CD3B654FF10623276C28D876D567718E69E0A1876654A2174BFF00CF8A8D25AAD2E69750B64EE844156D6F47A7DB96BEAFC9EA14EE2FAD7E65B3E8FE8970BF44B84E63E8F50A346FAD7E65B3E8FE8970BF44B9458EA3D428D1BEB53796EEA2CE872AE2BDBF4DB6081AAC70B86BADBA9DA2FD09F303B1D3AD21A4BCD4AAABFDAC44642856DFDC2B50FA9482DC31C3484482D08FA28C3A8916EFA7D4BA7355C5BD6B2A82953EA56F5EA68B9BAA1674BB9D32AB59D4EDDF75734ACE83EB55FEA5313774DBD47A6BC74776AEA760BAA7503D3A9D2774FEAF46F8F6FAD74FF8D54DE7F4E7357A92EBE40EA6E565635AFEB535D7EB0A7D3DF4FF00A6BFC3B85D4FB3FA9DEA3F1656AA2D85D03FD2AD950B87D95E3EE18EA570CA35BFA8FEFE9C9DECA3F731073651F651E1ED4D736537D0F3F388C4ED8FE0CA9DB1E23B2E99A6AB97A44A77214E09CF4CFF00FA310143A9D4EE7EA9D49A155A971749E1CD349DFABF515FAAF525FAAF525FB9A855FD5BA92FD57A92FD5BA920D73BF70751EA4C09DD4BA93906EB777204261AB45FAC754EA5EAA9AD7075210AE3ED660FBD96DF794F6B75B94018D2D5118D2D5D3EFEA74D7954BABF4CAED55BACF4DA015F5F55EA3543AC6B50B6BDA35BAE5FD1BBF8B461749EA942DBA7B9B615A8B7ACD3AFD76F6D6E85AB3EA6B9AF3D62CEAF4DD7D02F2DEC5F743F50E9A79AFD7AC288575755AFAB77BA05D5B50B5AEDF9BD357CDE98BAEDE5B55A14A8748EA1656BD2EDDB21CEAAEE8BD459685D6DD72F6D6F1F68D500AD2DC100AD2D4CFB5BE09DD38953E0398D87CD1B2142F5E1BD6FD8E5EC642217AC74CFFF00A116BB8C10539AE5CA20A2D742E510516BA10950616972130A0C2D253415CC2D2E40112B95A4A00C9573F6D3C9CDB7DC51009717363000225CD8C068225CD84435358C84E6E95E90A6CF6E6E944367576DAE459A17A429327539B1C69A68536A220C6964AEC53469B01403014293111057D2600A611E17131A302263426FDADDB1E5851B67CE7C27CB55BAE93C69E57A38239C1CDBDCBEDB52FD4EAAFD4EAAFD4EAAFD4EB2FD4AAAFD46AAFD46AAFD4AAAFD42AAFD46A2FD46AA6F52AA5E07C872F90F5F25CBE43D7C972F92F5F25EBE4B97C972F92E5F25CAA55352375B7DE57C7AFCA36F5B4AF8D5D32DAB86846DEB6908DB5782996D5F484EB7AD011B6AF0536DABE909D6F5A0275B5C69285BD7809D6F5F84EB5B8D250B7AF013ADEBF09F6B71A57C7AE9F6F5CC275ADC70BE3D64EB7AF29D6B71F4AF8F593ADEBCA36B712D5F1EB275BD7928DADC6A6A16F5A51B7AF251B6B8D4D42DEB4A36D5E4AF8D71AC216F5A50A552029D8311B2368DF1E08CC2E7F97569E8A8F0461E36FBD814E270306029F4A73389DF1B5AF2D33DFA8BBD5577EAA15EA2EF545DFA8BBCF5DEA8BBD55776A2EF5446BD546E2E1ABE4D5705F2AB8285C542BBD5177EAAEFD55DFAABBF5577EAAEFD55DFAABBF5577EB2EFD642BD55DFA8BBF5177EAAEFD55DEA8BBF5577EA2EFD45DFAABBD57119E14FF008CCA95388D92A54E6144623C477460238BD6C16BA7853C29E11CF39F589DE611548CD362D4A53B7421B254CEE851B089C465CCF6663E9D29B53746FF5B0A188F0CFF1654EE192A54F867C1188C5CB755276422A1462311BC6615BF34F6466307C83DE6764A3920108B08E65AE5CB1070DF1994ED850C7A5ADBE68DF2A7C91B4BB79431188F0CA9529ECD0E214F29EA50C721495ED118050D80288C5AFFBC6F8DB3939E7014C29437428C422D0E5F53169056A2DE0BC04C3A84EE3B3D22F6AEF05351CBB4BB74F6428CC78614627C72A7C40EC389C828F8A55D88783F8C38F192B9D9190A30142D2A8F15311BA5033B0EC8C8C1450C147217E10289CB98B57FB5E02639A029C8C14FE1A4B2A4EA46AB42D551CBB6E2BB7442EEB5BC6AA8E5DA715F1D981B2713BB8DA54A9FE046C8CCE24ECE171BE76DD375529071F8519F43127646273CE299FDC62F486F0A51286EE3C31908BB6718700539BA6100CD2072C41E2131E1C48D402359A1775C53BB9EE986F275D362159E506D4773DB6A00350C4667C32A7033289D91BA369FE0CE2764EE20104386971030E1CE677C85C2399461021C02F592769C0C7BD8369F08F7B2142ACD2404DA5F4052E6188105485DA5FB2D5DD94FD70A9303814DA6C198C0F0C6D85188C4A3E43E48FE35DB34D4257FE9384E0B7C6307148CD26AEE342EF342EFA7D57AD6535E426B811E18C9CC66146D1BB8C100A73348287042ECB9369302855585C15366811190727646D9DE3CD2A761F092A764F8E36DDB26983FF00BC470B9C3819F353F4B4CAF58F6B4A941C535FAB6047C86768DB183970969545BCB8E4EE9C428DB198DB3FC88FE48529ED0F6B9B0BF2823ED144E4623006D8C30FB52BDE01C11809AF4146D95CE023B677C6C9DB3B46E0A774E254EE0A77C28CC7F1C6271C6D9DF70DD355C9D0A794E53B062169518236B7EED91B3D152838B507872257B5EB108E23746D189C4F80BDAD41D4DCA5AB8C0AA43881079236CF8A310A331FCF8DB3E00A138B5A8D7A411BC6855EAF748383C8D850C7214CA09C54A2BDE67D23908A3C2071C6026BD050A10C7A53BCE633011080477D6E404D3098E2E95F520D2D4E9694D76942BCA1E9420332A54A9DF393FC69CC6EE54A9F0F08D6A4D46EA94A37451B9AD2BBAF74EC2A3950864E65727128BB1188DF3BA54A6BE134EAF1F088D80AD482714271183B2B7B621CE1B038FDA5FB04278661950B10AAD21047DEF9DD3B39F29CF0B8C428F04E25466117B1A8DCD209D7817CBAA42EF5472209E795286C1CE4E0270D806C286CFC2E114CFB72428C90A50442E42050309B5014700EF9DB0A31086C390AAB7EA628446185CC42AD63C4DC2732AB93A95460954FFB6DF3428DBC78A77CF8BD2EFD1063E5351BA7A35EB728973B3190884761410230465CBDE6768DA39442A7E88CC27648C72A31CA94DA8733B23685183E379E42D52572BFEFDAFF00D26B192B45BAD36C139B46134B386E3DEE9C4F827C5C2E3C054E78472118213D9DB7B9AA7339E138841728850BD60844208238E11F481451C02B52398D938A7339840A3CA286470A764A0E2D41C1C8675B71ED4780E251CC2952AB1FA82952BDE610FF00DBEAC2EF2EF05DFE50E44EC3FCB852B529F0428C5E53E03F27014A728C028239E5728E063F38239508851B237C26FDD8E13909D92A51C0C428CF7602355C51941C99588E1A4144E21462303C4E6C99208C05A94A0A554F6BF6E27B608916C267B6713E08D93B67C6313E3393F5020B5CD716E0E38430700E6614E4E022BDA29E313919953E185199454205422B9C42F4A7616A0107109B5250F011E0845A9CC5CEC94E99298E2D6114F5699A6E63D696F82311B2333E28DF1E5BCA71A5F80546254CA233388519F6A1738230EF588DA4E0667071F81818230105190A11E0A0F5ED46C1994CA90A6768DD0A36422169441180714C9D6F55FEF720601548888D2EDF2A548C9F073E7851E378D6D7348E48DA311BA33182814502A3054EF95A904500BED111807210C42389442F4A54EC05420B4A84D909B52788DE76CCA28108F2A13916F282D4B546A555DDCE794CFB42EEBF13BA769D9188DB1B254EEE54E254EF92A55DB61C1F984761C4E214EC29C731053842F78851BB94D605002772828C1C71B029D938D274EAEDD41AD398F692D32367E17A5ED7A44A6D53E8227C664A1970E1108B651109ACD4B4C4032426FA8F1CA3B06C3E2952A7C50A3033569F7185BCEC22569CC60678D87217B4EDA1A5682B484005A54661446257B47646272463D2A75EAD26B87C8019587C91F5AAB55B5217B5A71A9032BD29C37841F09AE0EC84760F0C27364268811FEF518D0A37478217A53E58C4A9C4EE81984481C9B8A438376D46E5E6538F32860A338940ECE364A9C8387729A0AD2B4B50C1C8E5428CF08A031ABC03118071C6254A895A54808BD494332A9D45A810828C708A076CE062305693A89F34F8E54F9A326AD36A75DD208DE391AF51C9DCF3E90528E6462146D8D854A198CCA89518070460140A908E27054EC8D8429C918F68284E530BB90B59CB39950A57B50BD2EEE94C32019F0C6CF414AF688C42850A1428D92A54EE851B254A3E52E6846E69046F7DA75D5572D6E7623328E617A2A7C0637421180171B04223690A36CE74AF589C7183081463328E3542354A2673E903C2F6A98C396A85DC2B9C34690078A54A0BDA8CC2214639C7388F2428F2C66EB58A842E11C4E78C9C84EC8D92828183B08C7B40EC95C2051C4A070636C219399533827F033216B4E713B42381E94F283A117B972A30305184330A361DE4E0A8C73E49FE2DE365AD729C1C0183B4784C052BDA844621084515254A076CEC1830A321118188DD0B852512E51B7F39381EB30805A4AD1C26B5C5368238952A504E2828C1F1C7F1A37CEDA83531CD9431017A414ED8511976460E5AA764E4E415ED1D90A14295ED46005E9484546C85E96B0B5952815289E50950BD2E11189C6950BD22134128342E11E5414C796A041F07E3070731B2310E399DB1E39DD1E22ABB74D57E022A50C414429CF0A368C1DC733B822A37870C9E113286CD416B85A9C771C0CCAFC238089C4E19F940284310B90531E1CA33388406C38F4102A3615D96E211FE7CE2F5BF63F3180814E282E70778508850A17A5EFC046063944A19396E0A8402D4117B97DD995A91C85181E088472CF49AA17AC0396D621483BBF3B3D6F7679CC6785188F0CE637428DD559AE9B9A862370451D85460625707050705C663671B5CA23138380B585DC0B59414A71CC602188538850A1390C1CCA95CE298E3139941D8329AE2D4D76AC1D877C6F9FE44F8AAB345470C4A38852A54E08C0DB2A56A250C171C02B8C4A9471EF1EB0146254A94E73422E524ECF4A7010D9C95E938E67713B42E137D608C4E5A54CA840C26540783BE3C1CE677428F14667CD78DE58E1E08C18C4E0228E46D0614E0ED8C04060AD6112573B676808238183B471B4A841428CB4F0A57B45B98518271C84CAB08107703B0ED9DB1B0FF001CB8351BAA411BB7235EA98D9C6DD388508E029C42843328AE500A7077F0B5AD6E4EFF00DCAE4A8C70B84721050A10442282E7669442F6A211DF2A70C6FD28F0815390B84E19F6884D76842A35DE01938951E28F0CEE9DB51C5AC7137151CB529C446233C290862572A4AE4A2111819232305AA33188C05AC046A152ED87014A2B94360281C1282E307DA042F7B0A8528ED845412BB687182142952BDEE0651C7A4CAAA731B254E6310A37FA5388DD1B27338952895ED105AE2101912A5728E0218231284A9473ED423B254E0A0BD2261775AB59479518183B028DC7011C4E0A282945C86385ED06A2022C286216928346633F8450C4A2829C7A5282721298FD2810402713E1E7C3C62774F96E5BA6B1C0C1388CC28CCA389DD25145052A56A528B82D70B5CA2A3308E3529C4621422361508050A110860ED0B4941B80140C16AD0808D80A94421E0392D5E91705AD7250E00191B4C940703F810A332A54F8AF470C702A731818D2110A32710860EF945C1770A9254E06E3B251DB108EC1B46C0D2B4041051B0E65076210C9C4A0A14674A82A5771A8B9C542650714D6868CC6422712809DB389DB1BC8F14ECB86EAA2E518850A711BA1150870A460A3B08451DFEF64EED481CCA9C05214A9C9CF2B4040051995EF795192A3318940A257E54AD48D4089941328B9E9B49AC476CE4E59F705F4E254F923CE305B20820B491B085CE236C151199C1DA511B2310A142E57BDD1B3DE3DEF95050615A506A8189CF286D8C4284785383B0E062422E52A1368BDEA9D1653DB2A51DA714C72BEADD3BF8F1478AE1B155D80A5128A193904AD4512A50729C194546C288C8CCA3E01B02E3054E21692576D06285C6E841ABD6DD3895A96B44E42F6A3648532B8C53A2E7F2DA4C6285E9464F8A9FA398519851BA1428F0C2850B4EEBC6FD8EC99C82A7050DD39391828EE8DFCA0330B4A8414A386B0941B0A31C295233A56951895C28D92A730A14463F39F528D4524E5B4DEE4DA2D6E6571930B95EB7423867D8146673388DB2B56D851B672636DC0D549CA6102A70711B650508E464E7534273D03B81CF1BA7214C29505680B851B2723017016A5A829433E94A28285A5694766B85DC276358E726500D50A37CEEE0295391C0F14E6720A9D92A54F82324482391C428DB2A5150A101B6144609089DA7C5036050A1692BB6B4A01462712B9401D92A572A1428DD0A2170A54ECFC2702105C20C7D42A9DBB5AA368510A2142851985E94EC94DF631F4E39F34F9E7372DD159CA4E21423E09CF0B584EA854E23600E28B2022331B4CA1B42F4872A142F4A51C0DB08A85A169CCA9C06A8C4A3BE570B412532DC28E2312A7321495389C93885A617AC14133EE5FF72D51BE37C79A54E251578DE58E40E0E237C808BC2EE152A51D90569418D183CA708D9230704A18D3B5857189C05011E16A0A71CA1B49C70A3139E5495ED46C9089455B7D85466115EFC1CE7D2953B688264AE71CF8E1478A36C6DBA6CD13918E32DC1E11722E28E23112BD201C5368A0D0110BD29430F6E67139108AE7119D2E5A610382312A732B9414AD4A56A5CA8DB2A710A312A54C273C942736B3A0E0E3DAD28885EF70FF00D208F198CB6938A14DA31EF32171B8F8A3C53B5CDD4D70D2542D392170B5A2F71C73B40256850301718389C427F0764EC9C4AE506268031A516E2710B4CA85A546254E63276428852A704AD602D489C044E2D8FED95EB3E954ABEC0A8414CA2E7B03A0AD4C98CFFD678414142920211FFDFBC7B52154AEF6BDC3E4545F22A2F91517C8A8BE4D45F26A2F93517C9A8BE4545F26A2F91517C8A8BE4D45F26A2F93517C8A8BE4D454EBBDCF6877B388518E31C2237D796D678C17808D55338E1152A670015A1400A368528AE54A187F2146C8C4289429142980A0AF5888C1C843054A944E2310A3046395CAD389C7A45C138CA8C8CC2B5FB0E617A570ED14D5A961AF49173C7D3785AC73107074AA6E278F6B85188401285242986AF4BD2E57AD9A956FEEBD0C3EE29B1C5AC7B6A367330A414703752FEEB11FB9D99D93E0BC6F2C7770845C4E029C9429B8A6D15C04672149449525041D82A36B873B049E3495A142192B840E1D8691382B51D90A312A654E210CCE0A2F5ED708E630170A5511FB4D5C29C8683C5E53A6D00F7AA90C6171249E9A4BDCF3A1A895ED70BB6E7A6D26A8FC4FE3D2E570DC7A5FF7EF1A8AADFDD7AA957B7C45C84D69A5C329D46EA3AEAD1D2410555716B53AC3A6585263D965D2FA85379E936F4AFEE2E10A94E8BEE29B1ED70935E9B4C36AB1E9D5A9825BF26944820854BFBAC4EFB9D88D87C2E607B4B6A5334DE5A63307206028C1D91B422A142187B78C6925060438C72A50286D95ED428C141428DC1739F4A705C16BCCA9C143210A4F7A652653D938E55DFD810B8AA1BA2953EEB8B6DAD85B02394015DA3EC0017FDCEA5C2E4AE3D2985E972B80B93CA972B93A5D58DA8A7A7BBD96725ED0D42953854DB4DA1CDA7FB759D4AA8716AEEF4FEB3498CAFD3BA874E6D5ABFD3C1A2E6F13FA950A17D4ED3AA53F8D7F518F750E89468D3AE29755B075D7F4F381A37AFB6EB2CB9AF4E8DC501697B5E852FEEB111F53946E8F04AB9A3DE6E2146784C72E17388476008A3819D2BD60295A713B40C4E0E46085E97B18985AB1CE21695C2070570B54225466142011C4E2104DFA80C70885E9466A3056106CD5BDBB985C7B7F8149A17A5E9415C05C95C2F6A6788527D70172BD2FFBC56E6A544C9A67B7DC6CC39CD45E0235006CDBB1DF5D477356DDB7BD1EA50703D2597342DEB1FE9CFF0026F90FF301EB8E14BA9D855EAF6F5EA55B6B96B4F4CE915D7F4F362DAF5BD3AC2F3BF682FEA0ADD4AB9A5FDD623F71F19DD79423F7142E541410DB088C02A731189C72A10D8EC050A14298C71B6549528A69C10B850A0E3DAF4A712BB88BA70774A9450D94CCB5A8195ED42944AE429429BCF22905017DCA17FD70172BED5FF6BFEFEECF03885E97FDE2B7F75EAE47D54DF59BF534D61F6AAC0FD2AA378A6C4E6870228DDF50B50195EB5E5D8D34EA5CDAD5A8FD151BA5F51D5EE6AF7685CDFDA37454757B8A82A742314BA811D53AA5CD2098C14D914BFBAC47D9F34648D408AD4DD45F1AA7070101E8E4EF9C0C1C4EC3B270701BE20711B254E4E2711E5A5F604382895C29401721453035ABD6381CF279E17DCBFEA14FE3D63D73C9E785ED4FE214AF4B950D55BFBAF5569F71A5BDAB95DAB95DAB94CA353587679CF2B9C76BEF4D1A1A1AA97F7589DF71C4A9DC7C35A88ACC8D25A48C70A153729C4EF3819F7B060E3DA8406D9521144208285A704CA1CA054E3DA2616A39388F00E3050470151FB4E014185769A395C29D4B85CA9D2A0AF4BFEFEE5C299E3D2E54E95CFBC4EA50173EBD282A189CCA4E713DAA4BB54976A92ECD25D9A4BB34976692ED525D9A4BB34976692ECD25D9A4BB34976692ECD25D8A69B4E9B5C09E49CCE631C648F05E51D4DEE6C6FBDA70028C461CA72713B08C02A707740C4AD48D644B9C99F940AF78D4A4EC9DB2A54EC90A7271E950FF007218A6FF00F6FA5CAE1AB93CF0BDA07F10A617A5CAE3DF2E5C62638F4BD2FF00BE5CB8524F1EB8E5696678C46631C2E3C44F839DFC29538BAA5DA7CCE3D60731984542138F6A305041422A51E5464EC95338851928985AF030DF78248D9C6D9C9D9C9C46D850A87DC71287A0984386018E20AF4BFEF92B8533C7A50570D5CFBE17B533C42985F6F3C95C7BE5CB8C40DB2A732B8CCA95398F0479785529B6A30B6A52753716E587F1B0E250528E06257BC4A07054ED8C464D408B9C546C1894EC4AF790B847010CC6F8D949DF5E210F41025A67EE1ABD850103F8F4B95C0E7972E17B531C415E97FDFDCA029FC7A5CAE1BCF2EE785EF32A7C11E58D918E3C77343BCDD8CE0E254E0A389DD388CCAF788C0CCE0BD124AE724A3B00E311B7DED1E29539A7C3DB96FAC31FA4E38F7CB970BFEA7495F57BE02FB94CF10A63888C71EE4B9718FB573EF80BEEF3C28CCFF22F28E93DCCFBE727715A9494028400C1D9C2E42F7873C05DCCCF85AA53B6CE233E9708EC8DB180537D82A133D6693FFDBF6A3ABDFD239E5CBFE8290D507D95C15AA788530BD73C95F4A9D5C7A5CAE1AA09E78F24F821479A364E4804117149D45F18A678CFA5ED422A56ADB28152B84700625145E022F25464EF9CFE54270D918054E0E630304A1B251CCE19EB631C1C21486A877BE17DC81FC429D2A3F279501074F1EB1C0E7EA72FA50E78FB541514F7CFF0B9CCF9EBD2EF320B4B491099ED7AD876C22312BD6493924046A224950A332B92B4AD2A71188CC2946214E4F83D2282E546F030D1F4B70DFCECF481EE09C486A83ED44AD5F8885E947E7972E16AFC7DAB95F4FB92F5C6340D87C50A333E58C4ED8DD794247702F4A46072A0E2169C02572A171B74A274AD68EC39852A513BC607A5F8DB19853B0A0A54A0A06D952A9549FA6533F3B5AED257D3EFEE5FF50A43541F65402B57E2085E947E64B94053F88D28C950DF61DAB8D0E53E3E364ED953BA1462710B8C4A9F05CD2ED3B0CF581183B0C21838089846B42D6E72276CA9CCEC85199C4284DF68351672BD2F78E11F04F8F91CB4C896FBDD4DFA788723A42FB94FE1486A83ED402818E2084544F333C429851F932573FC03BA331BC6D388CCA387D36D46E9A8C34DC5AC77284AE54A089C73B0A261771124F83DA8C1381B6766AC4A053B03C318188F04A94D790E4C3C8DF4DDABE99D2A1DECE90BEE53F882BE96A827943953A78877B30A352D5F882B86EC8D91E2851FC139953B6317543BADD41003DC14028C70A3128BC23509DD0A3C11895289539214219FC04E04A85C238389C8539E11392A3119F6A1507F3A77B5CD7350E57DABEAF6740E7EF40C71CA3A5ABEA72FC63862871E7843EA53A78FA973E0851BE7C73B06F8F05E50D27B8D771818E70785DC0A4BBC12A548F0C2E1151B21465BEB3383BB5623319D388D92A54AA353B8DDED76933F53C4FD2A678FB51D45433D83AF81F4AE543473CBD7A53CAE1BCFD4E5F4A95A96AFE3C2850A312A7138850332A77B807021F4CD1A85A14A944808D52899CC6214223C47649C7190A70720F3876D193CA0307014A9411DF0A15379A6ED408709DCC7E9511C9D4E50D5ABF105A892A1A5074F105A89503DC93C0E1480B4FE75A8D93E08C1538E3C118E170A36CE251DD3B2B52EEB705E02D64EC8C4600DA1050A023C29DF199C9180A142FCA700B8411CCA952A54E404731BA765BD5D2ED1BE9B87A90D2B49F64CA00153A78877B2570E531C4391D2146B40C71CAD34BC5C29C4A9CC621462733FC08F05ED22C7EA53811B7D29F24E39D9308A85E9708E015381F847D2250C1C0D9199479C0D850508EDA157588DEC7EA6C05F4B143CF3C421CAFB11D679FA6103AB81F423A9433D83AB8D0FFE0CE2513E5851E1E311B1EC0F696D5A6693CB7C3CAE32700E34A8DD2A54CE21143076347BC428DE14E637018051388E3309AE2C70731E1ED077030665D50210A7F11A793A9CA1AA47AD25BCB892A1A56AFC4387254FF161428519E146E9DB389C0DF7343BCC444188CCF92712B8C0C1C8C9400528E01C0772A51F6A505CEE8DF19950A364A99C50ABA0F818ED2569FCC92872A5AD5A5DEE785ED70C50F3CF10872BEC5254A9DD1E285189CCFF0016775E5B81FBB1828211827953B63236052B9DA57A53E172D2A06C9C4A1B3950822A5466546C8CDBD491A37D370FB7E96287BB9E214CF11A51D6E50D523D69D3CB892A1A57D2A1428FE01FE09D93B6146D3CF15E91A0E8943951BA1428C71B784460008A8DBF8C37070303D23E94A9C464EC84112A50399CC227705C820D3A82A3677D2735C2350F5A639249420AD41BC6977B9E10872E18A1E79CF0A7123C31BE14663F893BAB511599A4D373491E94A95ED405C23895389CCF842E3050530A720284DFCAF6A10183B46254F8271C2E57A471382A954ED9F07A41E1CD4395C311D6EE7E98520F11A112E721A56A1EB41F1C6EE541F346637428F1DE50D4D353031EF3EFC00A9538188C1CC640508A95287B183ED4EC011C4E2146DE50C9D87050C42B7247D3BD8E2C325C5DC80D2A47AD2E1C97210E5F62879E6442D5BA146E850A02852A732A54A9FE0CA947646FBCA3DB7EAC4A9DB393B63613B64E25485388C84E8D854E630774EC38277069726B34E18ED43C14DFA4A87FBFA61021CA342717150C2B57E34B873AD4285189538E36CE4F9614285C67852A54F9254E5EC6D4696D461A4F2DC0C4E254EC88DB2A71A54609C9CC6D1E9384A8436422B9C4AE4A8F142847129B4D0E320C19067C14DE634C3DA9CE0806BD03A543D7D3087D4BB2AA5173327C23C1C6D9CCE27C1188D9388D91B2E68779BB2710A169D873A97B5199C19C71B256ACCE1ABF08A1B4A9C464EC1B6712A9517D530FB61420EC854DD063C0D26A212C44AD2C3CCFE21ED4E216A187D163D3E9B99B21428CC28FE0C6385C6F953E0953BAF6847EEEE9C4E48C421C2952361C8D8028D93CE08C72A23128F3B20E6712A72705054ACC9E5A031A1AE01E087082471B69BA78DE0C190DD6241217328860E7EF435316AD8FB7694E6166F9538952A769F09D90A54F96146D3CF15E91A2F8DE307C230761CCAF7985F809D808A8D831383B06D6527D53142D99479CD7A7A86A81B7D140EA13BD8ED2568FF74BA2023A1AB497A83B7DA7DBFE48734C7927646DE14ED3BA3C32A54EDAD4BBCC2D2D2C25AA30368C1CCA9C7A52A57BC85ED428C185391E9112A3054E633A50D91B6D680AC4A0D0D006DAD4B43A4E272C7693E1A6EFF6E9D09C5C53614B41F01687087DB9464647821479E1479A1428C4E6F286B1DC3B2146F9DB0B4A88DD282850A70DF6BF1B2371406C27119E9E7FBCBDEE7B7B808734B49199C537FF00B7C14C8A9C0FA11D650D30A4785EC6BC27DB386D953E19DF3B254EC8F14A9D90A142BAA1D976A51B2769DD39847273289406613BDA9CC6D952A31F852829CF4FFF00CDBE55CD391AA3735DA87801832D0DA8241217D6BE9F1BE931E9F45ECFE346D8FE14E1EC6D4616D463A93CB67642399C719847C9089C4A064270518254E0E4AE064228239E9FFF009BC35A9F6DDB9A7499F7E063B495A01FAB5188FDCF2BE8B5E9D49ECD92A7C07C13B654A9FE15CD0EF31428C4852311985A7338F5B82818940634AF5809DEB3198CF0A361432574F6FD151DE0A8C0F69041063119A6638F031D1C68D3CEB3E77D00539A5854F8236428F0739850A115389F2462F68C7EE9CC2E14E38C4AF6A36CA0732A546254AD58017E7050DF0B9C1DC558B48A2A313BEE29C8D7CEE619F0B1DAB8EC1FE0100AA96C8B4B4C678F1C6E9CCA9F0C784F2ABD0345F1BE3271398D91BA14A9C91CE4A08E06D1B1AC738C51B56B3EAF17B55699A6EDDE9033E0F4BBBFC220393EDCF838C47F0237CEE9C462B52156996B9A584B5462171895399402852A779C0D9ED03013F951B4A8CCEDA16CFAD069D265211E26B4BB865BAAD6EDAB48B082D246D6983FCD7D36BD3E816E67F8B2A774285E94A95ED46271C05794758EE29F14C2F788DD3B214464047D29CF0A72703305C6285947D5E212532DCA00378C5FDBCFEF6E61FC7F35F49AF4FA0F66D85C7867C31E1852A713B2EE8769DA8E276466146D9C708A188D9189E76C208EC9C51A0FACA9516511E365B13CB5AD6ED2278BAA3D8AA46E0647F3DF41AFE5F4DECCCAE14A9DF0A3C12A54F8A36D460A8D2CA948D2796EF0171BE71014A994428C4A9D8E432368E78A367304081E26D0739329B59E0B9A02BD382238DAD307FE05F6E0A731CDFE0C6C85C2E11F2E9573405566EF4A71C295EFC10A7708529A9E14ED38A745F54C51B6651E7C2DA0F726536B3C7D42DFFF0036E63BF1FF0001ED3EDD16B86F389C42851E18508F8A54A9579423F7761C4E3853B7D295380360D868D463753BD6C19A368E772D686803C0CA2E7A652633CA44F17340D0A91B9A67FE08B4393E811C9388D90A079E33C7888955E89A2F8DD38D2BD29C4285C667752A352A98A36CCA3CBC07B4B5CD73496EC6527543146D194B9F0328BDE99458CFE05D50EFD382238DA0C15EFF00E0DF4D8F4FA0E6A953B63671B636CED8C4EC8CD6A42AD32D7073096CA8C9DBE97398CC6DA366E772D6068031774A4771DED0C51B6756E69D26D36C6F6D273D328B59FC3BFB78FDEDCC747FC2D4A4DA89F45CCF1C6677C6DE3C1796FA87714E0F8B9C4ECA749D54C51B5A7479D87955E9769E43585CE0DA3641B077B29B9E99418DFE2901C08B8A268542DDCC74FF00C33E831C9F4DCCC4EC85036428F1C28CC6EBAB7ED3B54600476495CF86859B9DF535A1A00DB2AE2877C054A853A237B58E7A65BB47F22EA877E9C6EF4819FF0087A96E0A731CDCCE254F9878232F68A8C2DA8D752796E2369D8734E93EA98A36D4E8F3E60D73D32DC0FE5DFDBE97777734C1FF008820110FB6441698C46D9DB3B654A9C71E0B9A02B333ED466332B95EB142C9CEE5AD6B1A079434B8C32D80511FCC735AF696D6A468D42CDCC3F8FF0088735AE552DC85EBC33E29D91BAF68C7EE29C69DF4E8D4AC551B6A7479D91E0E13439C996E800D11FCEBBB7EFD3F0773FE29F4DB513EDDEDDB38851FC28C7E15C5134AA446E85C2A166E3F5340680DF2092532D8A00378FF0081BFA1A1FDDF0DC547D36B569EAE88EAC39B0B8AB734DEE55EE6B8EF2B4AAFAF6F4EA6EAF7D74CA42B8E404F768639CDFD56A343DEEEAB446AB6B865CD21537D478A4C73C5FBFBF4696D7BDB4DA5DF2EBBF9B7BD15AA1A55AB32837513D4DC355A5DF7F5B2A57A85E693AEAEED5EC57359E5B52AB054751A753F8538851B6B3055616B839A4B65092BD669527D5314AD994B9F24265B929AD6B3FE11EC1518E655A4EA2F2CF03BEBBCB769BAA752E6E96BB17FD34EDEFF00B1415D3AFEC832ADC8BA167A8547FD36EFA1D4DA35D3BE356D8BFB7D53E406DC9BFB102B3EE20303ADBA8BC1578CFDEE9D68AF8FEC16F50EF8AF6ECB335A8F76A74EFDBB7AD581BCBAE6AD4BDB0731D5AE053D00D0EA4FE6D6E6A9AAFB60FBABA955FF0050B26F769D0B9BC6B2AF50B6A9ACDE50BDBA75069B3B8375405555AB8A3A55ADDFC87D665E3BB55E8D57DCF50FA1D73F5753B45DE0C63EF9C2F28B59735869EAF48DB0EEDBD7A1598DBB14ECDA05F556E1F41AE4EA6FA6A7F871BAF286A1DCC4628D9B9DF535A1A037C6132DDC5358D67FC3DE5BF799ABC0DA81952FAE29F50BDAAC6BEF1B757458EBD73DF56DEC2BD9D716ED6F54776CD9D2A96D55B6CCA54AE2D2CFE9A36CF65C5355DEFBDB97DBDCFD1D229B3B86DACABDC53B36B2A591A5FBDD52E5EAAFD775694FE5DFD7AD72DA751D766B5B74F9AFDAB781D42ADC3EA923A396D3A86DECAA5D9B6ED7C6A9785A7A814DAD657D694ADAAD1B9B7142CEDECEDE8DF05676B42F5D7371F12F7B7528D1A4DA34994EEAAF6683DD6B46DC3CD6B9A74595189F52AD479A2CAAD05CC750F896B70FBA686D6E954AE3F7AAD1B7A3FF00D8EA15EB5F50B7AA5A3E2BBB3F0BFF00B3D34D06E5F6E0F2E6967F0654EFBAA1DA76A54A9D4AC628DAB28F33E465BBDC994DACFF008ABFB7EDBFB9BEA7F83D4D597F896EAEBD5047FD68ABCFEDB1754FF34AEBBFE35BABAF56EA8FF936EAC3D751577FE274B575FE8D4D50FF005262E9DFDEBFC0FF00516A1FD8BC5D13FC4BA5D1BEFA687F8FD4D5FF00F6FA52ADFE86D543FD42D55F7F9776ABFF0072AABBFB3A426FF9178BA4FF0084A97FA952C753FF000AB2E91FE17515D1BFCB5FFE7F525D33FC2A0AFBFC4AEBA97FF98ACFFBFD4D749FF1137FD4D7FF009B7AAEBFD32CB6DCFD83CC7C777FE3D4C59FF8D4F0378D947FBADFF8CBDFF16A6EFFC40002FFDA000C0301000200030000001021699908B7A60BF27B590FB13798EC0ECDC3C20A6DB366DAC9C5582083D3F00282DEBCDBC3CA2F1FFAD3FDB8C70F6A96FDD9C402CFB26BE79AC8A81D2F3C8A071281D06DCB5EA28689DDB670AD36626FE0FDF4EF1C0A8730F2F7BFB6C3A343E1F0E00DF34230725E68BF2898F3F730F01B61965096F71899365E31A64EFC083071FAA49F4E01B5945488498B7933636F1C0F693A379958DC2A165540E34D14826E119A1051C61C61461BBE704145D2C69BAE6DD4ED8159B50BAF09A136312351F2DC6F978E1B87B846151B69279B51EEFDE0D92882F3696578258F6AE58984913C40D034CBFCA0C55E01C5F1F3249AA7406D3C91B26BD78B497B36C2F6DF1C658521F3D47411C75452B0236E3E4CA54C10239AD3C55EB60C29A5135F6E43954BF8F521409041157225AD929C9AC618FD3C884055637DA3F1BEE3E2B331BC8D3DD72E3BE70D1F289FA0E665FD162BB4132DE3765CF52FE38AC972FF0024184AB84689216D9944DCAC9C0F08DC617984DA54DF2EA2EBE59FD7FF00E48F7F302D6C555B00F1643E1E9F793B3EC878FD0026A643811E1E8D8B25376287D0D54FAE275DB793A07FD70A6BEB30CB1353C18F3DBCEB5DBBEFE9D65C0D8894A5D010635CA906C4E051DBA748F7B45AFEEB1DBFF34E7FEF4C485D588273D7ABE3DE70EAC908151D10D27FF9B6D23912038615E133EF26310F40CDAA5B6D6DEF5E510958A2EE2DD98138F3B115D30DF0D37A231F2AAF33ECB7D6604C62B095D4BF07B3AE06940A5A24EBBE3B188D15CEF12AEB3D02FB3738E7EA123DC37E5923BF2BF637A24924210A773BDF7B9DBEC3FD8838E419C59E5ADA0789B41C8A81705EBEB90DA450A1E1A287ABAEC03F1271B57962CDCDB1C37D5B75EFD9DBCF35148D3E1F1F7CD36FFDE485FDCEAA8668C5E14724549FF16E11EDBCC32211FA0A6506F8DDE1FF00098B99723800C6196EBDD3BCBB9DD821878C312AFEF17D40369710C1254F01108C08A728D37CC86D7A235F2E3C2C1AC3423B031126AAA558424CDDE0B6A52557EF183AF2FF0028AAC309F1AC2174847ECC4EF1F275A662FAA97245E005B4182A9F2B6164A2D733E19310E7AF5A3CC36C38D13E6B9AC74103411A6B0D5EBA47F552BEE9268A92FC603DE74DD13AA7ED4542E6879049C3771078630472591D5718EA6814A1CF0EEE8C6945C77393FCFC9C8BADB5225F963026B72DF280C8C7ED2862197CA79D7F9D7456BC709E7233BB0ADAB46B96EF053DCB1F34614E985562C6589CFCA3DB47C9E4A503FBEE5D53352B903384F79E807C5774209D1EEE6A07A3259E0B0AC9943E42ED27DC1C0FC50AFC5F00843412DE6D04E5897876573D3A819078EA980B48874C360210B918998681401AFBB4BA3AA98C88598738D85DD64BECD27D8ED874CF6EA8CF7E837D09F29076C75918E9994AF713773565B5D5A5A9D0313AB5A4832CA678ADB2DC48B8D2783B9CB3DFAD1BD2C33EC3CE8BC92068A5F1F95D82A7A53343EFA2869936E74AEA10CF2AF4479E2B0DD0B9C605C28E28D9A5481FF3DD301565C924E67EFF00C674A5474853115898016AD27FC96800C3F0D5AD0687EA79721C53A9F108A1C8E515E6523E6D86790EFF00196EB91418DFFEB940430944C27D7386A68D64BB4E45FE9ECB3B983D7E5243F29C683C1C79F11AF2A8605EE3CE6361832B69F4DE97112D248B7EF3C47DFDC140445EE139822A9BE95221A3B0D80C39062EEE4A6412E4B955B80B9E473D838A4278808ED823B6CD716B961C79EA7940E6B59ADC381D4F81B34AD2990D03C672ABA9800BB8AB3C1A62373590D363E1A0512897987D949CEB9836C9FF00676C7CD7DB244B6DFE06DE7F93E331B4F058FE512FCD1209569E6E72F8133FEB1930CC95E39E37B35860AF0B8D60E88A65406BF8F3D7B631F66D52A6E010E489F29EEC2E34E6DEAA449860219CC4F216C3135EF143E18181F7C40961F106D4626A7F4626013E43CD33CFECB3089BBDC7BF42B928B80CD0082DDD2E4BEDC0CB5C0444C9646FC7E27FDF5E615DF507F6E762147A227E9845A9649A1CB5C33A36CFB8EC9B9C26B9678451045C400AA08944F4E3D74BEE7EF60C1F0A6C178B86C2DCEFB7872E2B24A6C0DD8B2AE286B6CD3936511B9F89CF47EEADA7A0C3A990AE1FEEDFECABB3F066F730012109EA53A496C7ADC5B2E92F44C108EA1620968A262FB3D3D5C434DD0EF35D961542738D8B310DBDDC3401F804675C3FC82944E89B2B137C63F1EE4A89228E9627BA57C4B4EE8839BAABC69FCBF7E54578C9B5369F4CD8F31038455961FB6091A03DD2D6C53E23E617177B3117BD805E32039C521773FA0CBE39CA9E58FD909DEE924B24D28B4DE807035EAAC7A55BAA2A67F64ECD4EE06F45D2DA461597B15B3CE7137F4406D4B571386B89880C3EDD5F62E82B98D1D3B77FEB29A598EEFED79FAB3C4FF576367C07146C9FBC40933C7567237226D7326B93D92AF70FF1A20987D230A534C3CC46E8ABD000BCECEC485F3DBF220DF8A8EF3CE2D64D49178FCCE28205CF3BE41599E2525797584A0566CE9DC2A756E326AE3BE9957AB7F9580887E1B7671CBF3BF88B153C47A06E6C19FD4C251457A3821D35B606996D6E27CE7553EFF0ACB67BB653C12452C5866BCDD757F60CEF3349A5CF57BD7B20A1FD1C55C45F638D72F7E8599E88A7D090FF0039353D087BFDCF33E44A680A6BEF9BAD8306C97AFB1730F326DEFF00CCF971E7F5D788AFA9121ABBDDC7C3C10578E442DC518574EE36AF9CC64FC0A866385FB4BB202C9AEB229B6C9E2C37D4B047EE2D3138F779C3DC1C4A31D33109C08F253AF3A76378B1F07B5AD3C3E3A15F9EE7E320173EF9B3E4FBB73CD2E0353DBCF3CF9FC6D919F37CADC7C14F374FDD08AACA3DBC4A340BB614C3FA37937B269F4BD91EFCDF007114F3BDE3A97BE7583CE0F486FF00CFCA00BF3BDFBCB6D3A71EE9643D989FF84703AFA12D3F2BD50590B03B9470CB9E523697ADE3CAD7CF3F2103B7212ADB9EE2DF44BBC71B5C3A038FD28CDBC77E3276C8D67E41063F9EEFA3D00E0851F6D73C1AD6CF91CC677F67819F3CB0ADBF080E22EBC81BE11EEB7C71C9E27BFF00ACF2BC5971FF006D2CA2510988AE2B366EFDFB75B13DB14297EE20D7517FE0CC7C96F3CB279C3AD7AC34EDA6FBCFAE3BE590B3DF5F76F745D66D547EEB5E416B7FC0ED4246FDFAB636D3448F1B37EB8C76E757B9890BDF3C3F7BFF001C76EB1FA0CBCE11DCC77CF0C43AC25BA8F3059A770125983C28191459E7B286030578D01F53FC2CFE079C04C7C3473CF3C2D6784BDE821DC9A4F3AFADFCF70E9651C5526BEE72BB3CF8300D4127753F8C6C778B4FC85C7EFE62CD3920DE7B03CFE1D65BCF3CF8BAFBEA27F2AFF2CB910CCFE45977FC6EEBBF3939ACB10F091B189ACFCB12FBF2B283F4C83FA5F45D1997FED5D6FDE8006D7CF2C88F0FBDC81270C72E976F1CB5F731F560DF3FF32F3201A6A90CE374BAAD3CE897203F993D16CC9A6791D1CAD466DBAE4C40F3CF383E9BF70D0F1DA14A74679977DEBFCF5CFDC3FDF0D3DC73FAB91514664BE4DDFC77E2736FF0B6233E21EB0E9FC054C6F6C7DF3CF098CFF030F25B75F3BFF9EB2CB5758CD95DFE3FCB3CF4F96CB6F276EB1BB0AB01114C003ABCE0AC988F8F041D4E74EEEA6554F3CF2BECA0C30C309A9EB1CB0EB2DBAF3F8B1CF64FEEB2DF1C110CF38BC703ED186619CFBD743ACEF1539D155D0098F34C6BCEF35F3CB160C30C30C30C50C5DDFF0045AFBAF3CE3FD70535EFFEFCEF55C1D72B567F73F23E2BFCD372F43D7E346A41DD23BFB30C32F7BCF3CB190C30C30C30D384AFDFA978710EA8E70C79FF00AE3DDF9CFA87C2FF00DCD855F4CFFF0094CCD600113EC15F53138FFEE2DA73F17BCF3CF030C30C30C30C34375B36E4030E718D33F75FB2CB6F7B51BEB93B267FF4340CDCDD7E2B021FF7A2D0B36CF8F3043E3D4EBFBCF3C0C30C30C30C30C30D2928FEA5976FBEDF2D39131CFDF1AC6E2FEDCE1654B49FB0F5FCF76FD3DFC7F72C79630C30D37FD1E9F3CF030C30C30C30C30C30C38AC3C71C1BDFFF0075CF8518E7BC3DCAD449FBF1F21370BEFC7C740BD2C7CF4CB4030C30C30F2D4DCD9F3C0C30C30C30C30C30C30C30C3BD79673E38EF4CF2D7CCB0FBDD9BB4A08CECFE0CF7076E326368D3CB20C30C30C30C30F2F4333EF030C30C30C30C30C30C30C30C30281C9E53DD70FBDAB3433D76CCBE14F02DCA9BC471E7AABEB44030C30C30C30C30C30B5B5B8340C30C30C30C30C30C30C30C30C3467D6BC671FF00CCB0D77DFEEE31A3177E70C8FBBBCFAE7EC08C30C30C30C30C30C30C38BD277E831051890C318C2080C30CF0C304A0127E8AEF6EB1CBDA7CE7FF007122109ECD5EB5FB8F0A810C30C30C30C30C30C30C30C36FDAC90C35A8C1EE5259E270FCAC9E22EA56D7EA0132333BBE3FAEDC7ACA8D22679D7EEB1900030C30C30C30C30C30C30C30C30C2DAD2C30BC0A08600808C271F7A103D01E7BDF430E28FF000FD73E0FEF837BDF8371F8DF8210C30C30C30C30C30C30C30C30C30C30DCF43FFFC4004C1100010302030503080606060A03010000010002110304102131051220415113143006223254617181921640425291A11533353673B25355727475B1232434768393B3C1C3D143454762FFDA0008010201013F00A0DC8BB0700E69055164BF3E5C55DB043952194A809C3921048080592AAD191549BA9C08472247198208E451F35C41E4610398C029C3445044A0AD88970F678210473F0CB9ADF49C07BD1BAB666B55BF0CFF00C93B685013BA1C53B699FB347F129DB42E0E85ADF70FFDA75D5C3B5AAEF81844B899270A0E0416E0E21A092A8B80799E7C55DC0901523910A4273A24A061C0A046151DA054CEA30311289924E2786E9915279384E00C81C128E330A818A8312871C6138B9EC67A4F03DE611BBB66EB547C334768D0E4D714EDA4E93BB480F7994EBFB83A3837DC3FF69D5EB3C6759DF8F0667843220C942A393817EAE283020F7379AED0F408D43D02ED0F408BDC79C2DC1D4A0C1AC94094E6EF6A4ADC09A37742892B70752B707528129C2624ADC0B70752BB30BB308530BB30BB31D4AECC752ABDBB5ED064E4BBB37EF14DB66E6378AEECDFBC50B76F528DBB7A942D9BF78AEEEDEA57776FDE2BBBB7EF15DD9BF78A65BB5858E0E2B702ECC752B702ECC2DC0B702ECC2ECC755B83A944306AE85DA526FDB28D6A7D0946A9E423DF9A71ACED2B11EE013A8BDDADC543F15DC99F7CAEE4CFBE50B367DF2BB933EFB91B1600D3BEECC2EE4CFBE577167DF2BB933EF95DCD9F7CAEE4CFBE577267DF2BB933EF95DC99F7CAEE6CFBE57C3C1AA6295423221A577CBBF5AABF395DF2EFD6AAFCE577CBBF5AABF395DF2EFD6AAFCE577CBBF5AABF395DF2EFD6AAFCE577CBBF5AABF395DF2EFD6AAFCE56C9B8B8AB781AFAF51C374E4E71211FB2A7D9E01CC118768C6BDAC2F6871D04E6706D463896B5ED246A019215BEDBB2BBB4BBBAA25EEA76ED2E78DD83909CA56CEDA96BB4E8B6AD125B2480C7C0765EC04AA77D6956E2A5B32BB5D5A9897B06A0046BD20DA8F0F043012E83310AC369DA6D1A0FB8A0E3D9B5E584B86EE60029AE6BC0735C083A119847467B9074819625EC1AB8046BD31F6A51B96F26946E5DC9A11AF54FDA45EE3AB89E295214AAF51E2FADDA1E434B4489CB52A4754E2229FBBFEE8D469FFE2CC944EF389844E323824A92A4F1EB20890BB9D9FAAD1F902EE769EAB4BE40BB9DA7AAD2F902EE769EAB4BE40BB9DA7AAD2F902EE769EAB4BE40BBA5A7AAD1F902EE769EAB4BE40996F6F48EF32831A7A868051D1AA4A9F02AB44B81120F25FA3B67FA8DBFFCB6AFD1BB3BD42DFF00E5357E8DD9DEA16FFF0029A86CBD98240D9D6C07F09AB676CAD96EBBA2C3B36D8B4EF646936345F47B61EA363594FF00019FFA47626C06FA7B2AC87BE8B137616C00D96EC8B1DDF65067FE951D9FB12DDE2A50B2B4A4FD37994DAD31EF01305A92EF41165A6437C7E2BB2B3712416CFBFA26B6D9F979851B6A3FD137F04EA76ACF49AC09B468384863085B5A8D3658D62D60190CE3DA31CA16E533966BB3A63AAECE99EAB7299CB35D9D31D57654CF55D9D23D51B7B72E0F2CF3868576348F546952866BA7FDD1DD907DFF009A1BBA8F67E49C18FC8AECE98EABB3A7ED5B94CF55B94C755D9D3F6A7319CA56F95BE7AADE3D56FB96F3BAADF3D5079EA897755BCEEAA5DD56FBBAADF3D56F9EAB7DDD5079EA8BDDD56F38E856FB96F9EA839DF796FB96F1EAB7DDD56FBBAADE3D56F3BAADF3D56F9EAB7DDD55D39E1AD7076850AD53EF94DAD508F4D76B532F3D1ACFFBCBC9F71A9B62D18FCDA77F23FD828DADB81FA86ADDA352F2B36EEABA90DE310255A5A3DBDEDED87DB8A6E8748F82B3A163558E3737469381C8000C856F67B3853BB7D0B9355CDA2722D8856742C6AB1C6E6E8D27039002642B7B4D9CDA774FA1706B39B48E45B10B67ECA7DFDBD5A94EA6EBD8E800F35B1EB6F3ABDAD7A41D5580EE923391C952650AB71545DD6752CCC409CD6C4B378AD54B9A1F408306415E55D1A74762DE3A9D30D700D823FB41778ADFD215DE2AFF004851B8ADFD2146A38C10F285574105E50AAF07D33AAA0C7577E551C1A0C9536D3D9EF09570D7DBBC43C969CC2B5A61EC2F7499394A648B9149C4C6F14EEC1AE0C300A14772E1A0B8B9A5A6014EA746A12C0E870E8ADE9BD959D4EA1DE01B9145F6CD2410247B133B2AB55C1A2435A11A6F65D31A4CB1DA2BC269D6018606EE88D571025E4184DACF1AB8E8AAD47882DA87867011E3474E2001C215566FD3737A8C01CD6987939FB66CBFE27F21550B8527EE365E01DD08DF595D54AADDA36DB8F19073355B3F7B7EF451DEEC3B27CCFE4AC3F45766FEFBDA6F6F79BB9D150ADB29942EE959F69BCFA6677874561FA2BB37F7DDFDFDEF3777A2A15B64B285E52B4150BDF4C93BDEC5B1F6A5B585BD715778B9CE90005B305C57BBBBBEA74F40E2D07424F25DF767DD9ADDFEDCB2ACE4EA617939DA779B80C9EC639AF2C33D85799670CFE60860510E69D4C4A2D25B22665324EBD55864CACD9CF7951B50E738D42438395CD16BDD4817BB330A69D16B1A5F11A2AD4E2EADEA0D09829CCA2EAA37A0BE3295BD50DEB4110D0C30AAD3AA6F1AE64FA59A31DBB7AEE94FBA0D7B9BD83CC7303256EE2FAD55FBA402D100A639B57FB4C72BF9EF03A6E04F6BA01693A268DE1F04FDE191E20A7038C22A0A84470E98C70F3C2B3376A3C7B650C7C9CFDB567FF13F90A3A020AADB3AC6E9C1D568B4BB99D0A659DB52A4EA2CA61AC7082023B0F66C08A3F9AA1B2EC68EFEED28DF1BAECF923B136703FA8FCD51D9763403CD3A59B86E9CF921B1B66CC9B71AE89B499440653686B01D02ADB32C2E5C5EFA0D2FEA329542851B766E5260637A05E587EC2BD8E8CFE61C1BFA024ADEDDCE4840EF66A9DC3A93C10E33D0A3B4A1B3D9A172F755154C38F20ABDCF6F52731D0237D1D94B326EAAADC9AD51B51A208D17E9197B0866813F6940CA9AA576E6D475470DE2421B49874A68ED00D797166A20054AE5CCAAEA8064ECC855AE05C3F7A232D117EEF3214F30AA3F7A33C72F07318142708E0CB8A718576D3E63BE0B3599030A15EB5B556D5A350B1EDD1C394885FA776B7AF54FC97E9CDADEBCFF00C91DB9B5FD7AA7E4BF4E6D6F5EA8BF4E6D6F5FA8BF4E6D623FDB9F2BE90EDA3FFD8D4FC97D21DB7FD6353F25F48B6DFF0058D4FC97D22DB7FD6353F25F48B6DFF58D4FC95C6DADA97545F46BDEBDF4DD1BCD310633E0372F267742EF2F237775A9B70F1F65A8D779330DD5779A8446E84DB97B63CD6AED6A18743613AB550D1E6B48D6426DCBDB10D6E4BB77C83BA11B979006EB724DBA7B63CD085C3E661A8DCBC80375A85D3DBF65A85C3E6774275CBC803746885CBC7D96E88D671E4140C41478E709859429454A11CD1D564B3C41E08959C42ACCDEA4F1CE250CD375210C39A844A1D51413C45478F69C32450CD428E011CD1192E4A56529A4B4C8309AF07A34FE453980FF00FCBBA7228820C11C5A6201E409E31079A85BA70CFC43984308113C551BB8F737A140E611C904535C8A04A2B357022A93D40E0808A8D3118E58C022706BC810731D1087081E70E87509D4C1602D066546010639CD2E0BB27F3803DA85367DE2EF7041B19EE35A3AB8ADF1CEA9F80E3F82073C67827C09E03C374C87070E6309411C42E482BA6FA0544E4A384E58EA8F04E13A2133216F034DA4BB39E48B4182E1EE704FA4C044923A04074A7F17298A665C07B5A8BE98393093D5C51AAF3A18F722675384E12B2E08CB8670F8A8E083E0EB8DC36691EA33529BA219A2324142D31ACCDF60CE20A1459D4A14DADFB28B5AE11013E996E63318C0592942300A11E263CB4813912AA5521C40FC5125DAB8941CEDDDCE5803089C084022021EDC63C5CF84719CC41D13DBBAE2DE861372389D72411D50451D0A8E8A56616453E8839B5104188F0B5D7858D73DC1AD124A36378D266DDFF827D1AF480352939A3DA13A9BC66464BE1C12A0E11C22111865C1AA1C21405A701AB4DBABC2375479127E09D783ECB3F128DDD5F60F722E2E24B8E671088432473C0AD50C91087B51C1CC0E4E6161D254461CB553C23A23AF052F4C2B7BFA9446E3C6FB32D4991EE82153A94EE58F14C6FB0E4E01B50FE203955D9F547EAE95470E9D9B954A0265B91E89CDDD2010B4C730A6784E32A1028EAA4053ECC047017066AE011B8A43ED4A376DE4C251BB7F26808D7ACFFB709CE7139B894110866A102A5032026A3282E581411D4E020A392C885A220109F4CEAD59A9E3384E145A5CF86893051106344D73984169856B7F41FE6D6A54984010EDC2E9FCC2AD6B4EE007063C139EF3683B3FCD5E59DD3193D854DD6992EDC31186A8E7865E2465A20A786E59BECDE8CDA8FB104E40A30B438EA8884324CCE5039AD4622717EA819510A792840CE1AA7D30EF7AEC9E50A13CE5398599119220282A119E09545C1AF9F622195467F884E639873D30B3BCAB41D046FB63D174C276DC2321B38BBDAD0E2AEEA8AEE6BA96CE7D33CF74647E04AD3833C07833805A70D46163DCD44460426945A864B2286451D1040C10BE388475C5DC91082DD53C91082840F22885985914FA2732DFC166388A098FDDD132A0708FC427D19CD9F82A23CE3927303C1DD31267DE9D6F6D4CEE8B760FED4959E20A995AE4A14E39F07C5059612B2E0BA64B43F98D512B44735A29C910814442694461D10450442DE016F029D2822A544A07095D9542D0430C1D116BDB32D2A657BF07D30E4F6161E29918031CD32B6927E29951AD7079081DDDC1C931AD739E5C273E18E6A78278B3E32F6B757009F7146082E991C91450CD10861982822812884D392DE0117FB107128CA95054A21661460404242D536E6B530035D901013AE6ABD85A4883EC50421056E9E41410A3793E9119845470C2050A862394CA738488E4020F2DD146318E5C391E09C0903528D7A2DD5E0FBB34FBB60F45A4A37950E8D013AAD576AF286688411138943008E7A23210CD10822256616A1441C08408C25464B3056AB4416E92B748D5068C1D912A24485BA79AB96B5A19D4E0719C24600FB50721C4211D569E0DC348AAEF04A6A230D514110B4521140A23139208A0542D1092106950864104E43081289CD122265577B1FBA1A662671CA3867007C2F8A9E1D70BB6C86BBE08A065128145045028E00A210442840A2D539E050CD10864A251108283D1069E65068E888C9008EB8028A1839D9951CC220384393E916E6331C318428C28BDAC99E7C31C3978155BBEC7045047341421AA210318143DE8894426E68AD16A88411CD688661113C935AE5BA09CD068082E4818473409475434435450C1D0495A2D54A7D10ECDB91441060E04F04A9F04E32A78EB3432A3860671D0A9908A19AC91D507239E1CB0063029B3D16ECA6B40E0CA31E6B40822821AA7688688270CCA051105482142731AF19EA9EC2C3A7C50C324386308F04050888556B36940209253AEDFF65A02EDAA3F579450470C8A29A51086AB3D11086AA651081456E38A0C2352801C1A15288430E588450CB02822E1C94E79AF7632885911042A946336E6311866BE28E13C11C20CE00C29574258D77428A0719C9140A282D70186882DD283028841107133282282282281475C2422E5BE507028B8F45AE232C345914724500557686EE90333C313E24E13855134DE3D88E7C0084718F6A08B50D50CD0684211411CD00780C208A08A0514081AA73C2DE9C214A9386616B8482B4591C0367547729E64C27DC4E4DFC5124E64A8E06FD40C1E49E375CE1D0C6011416AA10C01C0A0614C8C0E0029C0A0A3085A14485BC16F95994029014A895014ACCA8C968866A20AD725B8BCD6892613AE48C983E2539CE799264F04623459223A630888E082A10592206372D0DA84F5128A6984712102B247540A28349E4808C9051C1A725338E8B7E117CA92B7564A56656EA90396004A8016F2CCE1B84A0D1CF34486EB927DC819304FB539CE719712709F0A719F0428576CC98EF822860426985AA84335BA4A0C8C491233C251430953817C22E2566A1480A495BAA02959941AA4610A0052B341F967927DC06E4DCCA73DD50CB8E04E278471463AA83C7A2AC37A9BFDD28E011D10508306A4A8034411700B7D124E0D2822A3108A233408089E98405214A8C2549402C913D141283656EC2B8FD57C471C285A619A030FA4F4813FEAAEF997D28A3EAAEF997D28A5EAAEF997D28A3EAAEF991F2A28FAABBE65F4A28FAABBE65F4A297AA3BE65F4A28FAA3BE65F49E8FAABBE65B376AB3689AA1B44B3700D4CCCF1C4A73435C47430A3A20D2B75011C91528BFA041DD4E22114D201597039CDEA8B8A20A10542C829C035180A54150A5124A841AA02185C7EA8FBF0856F5281B5DDEEA220826732BBBB1CE6804B47E2ABECF0CA26AD1AA5E1BA83C027868DBD5BAAFD8D266F3DC720B64F92D4EB5770BBAE08DDF35B4C957DE4E55655AE2D6A32A31A4EE349F3CFB152A352A566D16B4EFB9E1A1A7A9C97D11A8599DEB3B589DDDDC957F276EADEC695704D4AA5D06931A49085BD6A950D36517B9FF74024A65ADCBAA9A22DEA1A83566E990AB5ADC5BEEF6D42A539D379A42F25FD2BAF737C0B8A70FDFE450C3445E4225C5038EA8A18B4C84481CD1749C414569844A852B350A02DE5994028EAA30E48494E21B9920055EB35E035A32999C6DAA9696B2353AA25AC05C600E6AEEB87DC5575271DC3A4640A850A38BC9EECDCCBE60815B7819E659CC2B279A170C7BC9DD83C939B51E4E673396415EFFAC6DFA4DB5A94DB543983B43E89A8D1326153356A557B2B5AEE5414E3B76416907934EA10ACEB4B6B266F7685F59B48BCF392734FA3DDC6D2B8B5A4D7DCBE0C7B434404D6B3BD507BDAD15CDBB83A3A4B56D7352AEC4BB75DD30C7B6A9ECFDC1F00FC42F25FD3BAF735471B9A1C08213D858E20E051C01C088411C4A056451C9047008A0A6063961050695082282E68E882B9121BEFC33C0120820C11A146B55730B5CE907C2D9772CB4DA34AABDD0C92D71F63B2436A6CF1B9FEBD4729E6554DAF634E91736F29B9CC6B8B40264BB9205C1E5D39CCC84EDBBB59D47B2EF862209801DF8A6ED7DA0DA76B4BB7F32810E60DD1916A1B6B69B2E2A5C36EBCF7801D908206992D97B70D1BEAD757D52A542FA5B8200EA0C464B696D4BCDA2F22A562690792C6642072985E4BFA775EE6F83569EFB7DA3459E0422142CB007107105462420A0461A85A059A0106A841140A38F2415C7A1F1450054789F47B6774A9F32FA3BB3BA54F997D1DD9FD2A7CCBE8E6CFE953E65F4776774A9F32FA3BB3BA54F997D1DD9DD2A7CCBE8EECEE953E65F4776774A9F32B2D9B6D605E68EF79D13267C2B8A79EF81EFC0E78648610822B3D70214E68C2282F7A2866B7250109DA941A4A8414208A08F00C956CD8EFA8E6A54F819A8512A38322AAB4D374723A60E08840E05045140A380C216AB73008A2987922822822860309415400B1DEE287D607BB19C270CD66A1546768D85BA5A4829C324700885384601141412B74704E07305375C01180C0228668E47009C250F1A308C73C20F81A7157A7BC37C6A355AE050473C1A51C07B906A8014E23344205050A33E33A7004754F05AF208FAACF0C71C635A9EE1903228E4A5041141412831698C0C08416BC0E09B98C4E3C90E02AAD3DF6E5A8FAB65D700A7C2845A1E082AA30B5C41592C94CA0C5BA021929446011431108A0514E4C39228603108AE5813857A71E78D0EBF538F12470D6A7DA372D4282506754001C0142953388463038464A2534C391CD04504502B9A3C260882AA30D3747E1E247839633C70BE08E35981A640C8A8442054A386A88C90532888C46588CC60722B9208E0508C0E011479615182A3639F2441060FD5A078AE01C082324F6963883C4302804700712814538269CB108A0B9E03028F2C6E29CF9E3E3E2FC54F870B2F0AAB3B46FB4688F44420A7108F0668A08A1214E48E899CC2282D0E0115C90C0AE98EA555A7B8ECB43A7D420A8E19F0325963070AF4BED8F8A25420B9603080B2450078460DD5143108E01735CD14573520664AAB583E5A065D7C2734B0C39B0565C79A851C52A78B3C625546766EF61470108E0110840C42381C0AD0A3984114303805CF03CB076F358E7EE12027D473CE7E109E49CC6BC43802155B3233A667D85169692088380F778B1E13D81ED82882D241456887BD1414E01141141108229C866060505CD1410C40248002A76FCDFF8220105A465A42AF44D1A85BCB507C57D265410E6AAB68F666CF387E7E0E5C513E041C2BD391BC3508239F091C00A3C074299D30E48228E88218D0680C063338DCD015E9C7DA19B51041208F1AA51A753519F50AADBD4A79FA4DEA38230C965C71E0E4ABD3DC3206456789C745ED450450308E2DC9C8E011C02E6B9E147F54DE0BFA107B56E87277D42ADB53A92747750AA507D3D74EBC014A9F020F80E6870829ED2D71694421969C050E0E7809451C8828E88700C0EAB9AA4229B7DDC0E01C0B5C24110557A268D42D3A723ECC0BFA20E9E1F79F06ADA31F9B0EE9FC93E9BE9987363C39F0AAD3DF6E5A8D17BF00B55A6100604208A18B90CC208AE4820B9A0D2E3004954E806C1766784024C00AE36754B8A2E3003DA25A3AFB119920EA31067C620384112155B3064D331EC29CC730C3810718F024F18C2BD3FB607BD42D302104505F0C08411C0F34CE6302821853A4E799D026B1AC1038695ABDF05DE68FCD53A34E97A233EB86DCB1ECDFDEA98F35E61FEC3D71063EA0F635E21CD90AA5991269991D0A320C1107C38E38955699A6EF61D142D167C2780221372722B9208024C0CD53A0066FF00C38695B547E67CD1D4AA7429D3D067D4F055A6CAD4DF4DED96B8410AF2D5F675DF49D9C66D3D475C5A7EA352932A0870552D1EC92DF3828C63C0F8713D82A34828820907008A08E21140E0CA4EA9A643AAAF4BB273483922B92A749CFD34EA994DB4F4D7829DB54A99C40EA553A14E9C652EEA78F6AD977BB725A26AB3367B7A8E0067EA556853ABA883D42AB6F529C9896F518E5E0E5C35E9EF0DE0331C07028620126004CB71ABFF000592A8C15185A541D39E8A9503ABFF000400032C6950A9573020752A95B53A79FA4EEA7C2DB563D8D4EF14DBE63CF9C0727620C219FD4EADB53A998F34AA946A52D465D7C5CB1AD4F70C8D0E03138D3A4EA9EC1D5329B298C8706E3778BA33C69D17D5F4465D4E8A9DAD3666EF38F8956932BD37D37896B8415756CFB4AEFA4FD4687A8EB8B4FD535556D18ECD9E69E9C93E9BE998736319F0CB4381053DA58E20ACD0470824C00A9D08CDFF00871B2954A9E8B7E2A95A3199BFCE3F978FB5AC7BDD0DF60FF4B4F31ED1D3803B0DA7E516C5D8F569D1BFBFA742A3DBBCD6BB985B336FEC8DB2EA8DB0BC6D72C82FDD9CA55E5EDAD85215AEABB6930B9AC05DCDCEC801ED2810E008D08C6EAFED2C8DB8B8AED61AD5053A40EAF71E4306F967E4C3AB761FA6280A9BDBB04C66810E008320F054BBB6A35A8D1A95D8DAB567B3613E73A3581C1436B6CCBAB87DB50DA142AD667A54D95039C3DE02DA5B6F64EC8ECFBFDFD2A05FE887BA09571B4367D0B23795EEA936D7741ED5CE1BB051DA7B1AADA52BCA1B4689A156A0A6C3BD939E720D1ED4416E44478B559BEDF68D110569853A4F7FB0754C6359A0E26537D430D0A9D9B5B9BCEF1E9C9000643EA3B66C4D0ADDBB07FA3A873F63B86F6E3695D7961B6AE2CFC9D6ED565B52A5690FAACA618637CFA6AF6F76EB2BEC1B1D9D616FB2EFAF1D55F714806D40CA74F21BC4012AE0EDCA775E4E6CBDAF7342E6BD4BCAB70F7F66D314A88969823272ADE567947B6EE1EFD875C86B2AEED2B5A7403C3980C6F57AAE80C9E816D5DABE52DCEDFD9DB2366D4650A9DCBB5BA2E01EDA6E7189F6C720ACBCA6DB36BB16EFB7ACCBCBF3B4DD616951CD0C6BDD301C40E415BD9EDAABE58ECBB5DABB59B7A2D6DDF770DA4298A65FE60192DB778367EC8DA5764C7636F51C3DE064AE6CB6CDA79296ECBBD8768DB02D63AB5D361D7018F76F122621D9ABCDA3B4EF2F2DF616C3AECB6752B5655B8BAA8DDF34DAEC9AD6B4EAE2AC7CABDAD6DB1AF05C767777EDDA46C2DAA46EB2B3F938C2D9F7BE526CEF296D7676D2DA74AF59736AFAC43298A7D8969FF25436F794B77B7A9507ED16DA3CDD968D9F5686E35D41A73736A9F48C21B376FED0F2D6E59F487CEB0A41E1FDDD90C6D733D90F80F496CD3B65D717C6FDB4596E1F16A199B8B07379EA57957E54D1F26ED09EC5F52E6A5371A20309648C86F91A2FD3161B57C98B8B9DA356ADB5BBE99656790693A4E44346AB616C3A55F6B5A6D6B4D8C3665859D278A41C22B5C9708DE78E8B6651D9BB4762EDCF2936BD3A759F722BEE9A99F654584B5AC6AA5B01F7BE436C7A5777FDD1F6AD65CF68F607B5A199C39AEC8801791EFD8636ADBB2E6FA6A35EF758DBBDB05CEA999ACF0326B9FF0065BC827B18F10E682AADA38674CC8E88820C1107C4AF4FED8F8A827203354EDE337FE1C4D639E61AD92A9D98106A193D02003440103EA75E832E293E95412D705736EFB5ACFA4FD5A75EA3AF07921FB53CAEFF00137FF9057BFBFDB27FC36AFF00385B6FF7D363FF0086DCAF207F76697F1AA7F3AB0FDFBDBBFDC6D95BFECFF273FDE5A9FCCE561FBFDB5FFB850FF32BCBAFDD3DB5FC1FFB85E5AFEE95BFBED7F982D9BFBE5E50FF0070B6FE52AC3F61F929FEF09FE6727FEFDED3FF00076FF3ABEFDA9E42FF0016A7FD35B07F7C3CB1F7DAFF0022B5D2A7F6D797FF00B19FFC6B6FFACD5E59FEC8D95FE2D6DFE68FFB21FE11FF0025FF00E6757FBDFF00E75E58FEE5ED2FEEED5B3BF69D87F8FF00FE3C6EFF005A7DC10F0DFE83FDC55BFA7F0E3B3FD53BFB5F56DBFF00ED94BF823FCCE3FFC4004C110001040003060107070A04030803000001000203110410210512203141511314223061718191061532525472921623333440425593A1B13543627307B2D12444638283A2B3C153C2E1FFDA0008010301013F0099DA81935DBA410A575334EBC50BB4214A75A56503D51B009B44AD546E3A8523EF444A050E40E41565CB2692D7070E60DA690F635C39100A2DD10442AA2A97308699015C910B68B4EEC6EF591E88A1A2AE1ACF9E745515BAB742002D15299A6C1C9A0920295A4B4574E284559520D4154535BD1116291072637AA78E4721680A006638767C85D0869E6C35EE2AD7227457610E7AABED902AD5AE6B1ADDEC3BFD441CC71D2BE2A3D96E90AB454B91E5C3CF2E4BDE8BEF9808B42690DE402DE28B415B810605B810680B7CA2F3D822020777A05BE538EF730800B7CF60B78F60880534D5D05BC56F95BE56F945E56F95E21ECB7CFA960F14F89EE140EF04718FE7B813F18F3FB817963FEA04718FFAA13716E1A6E84718EFA810C63C7EE85E56EE7B817963FEA05E58FF00A81498A7C8C918583B2DF2B7CADF2BC42B7CADF2B7CADF2B7CADF3D91713D02B2B7CADF3D82F10F60BC43D82F10A3213D02F10F6084A75D02F10F60BC537C82F10F60BC43D97887B04243D82F10F60BC43D82F10F60ABD7E870E2E78438020BDBCFDABE6ED9FF61C3FF2DABE6ED9FF0061C3FF002DABE6ED9FF61C3FF2DABE6ED9FF0061C3FF002DABE6ED9FF61C3FF2DABE6ED9FF0061C3FF002DABE6ED9FF61C3FF2DABE6ED9FF0061C3FF002DAB6FE0F090ECE73E2C2C4C76FB756B00287555EBF40D3BAE07B1408A45CD0E0D2E009E42F5C83D8E24070247300ABB056FB09DDDE1BDDAF5C9AF63AC07035CE8AB00124D04D21C016BAC77080D5FEDFF00E916EE922F82952A5593DE18D2E3C82F2F87B3979743D9CBCBE1ECE5E5F0F672F2E87B3979743D9CBCBE1ECE5B38E165F939B4F126069747238079682E141BC8AF2F87B3979743A9A76ABCB23ECFF80431B1556EBD7974234DD72F2F87B39797C3D9CBCBE1ECE5E5D0F672F2E87B39797C3D9CA82A5438C120820D11A82BE71DA3F6FC47F31C86D1DA1F6FC47F31CBE71DA1F6EC47F31CBE71DA1F6F9FF98E5F38ED0FB7E23F98E5F38ED0FB7CFF00CC72F9C3687DBF11FCD72F9C7687DBF11FCC7293198B99BB92E2A57B7B39E48439BBDAA82AE01C111DF88022FA15E4583FB243F802F22C27D921FC01791613ECB0FE009D142F735CE898E73791201216D68623839E4F099BE037CEA17CC754EC44EE6358647160E4D2740A3133E8B184D750148FC548F0252E73F90DED4A11E2DBAB63703EA09C718032F7FD7EDB5BF8F06FC33A9ECBC5C735806EBAB90D3BA2716C16E0F08CF37D729AEC53C5B77CA32E21A69CE702B674B23F171873C91AFF006CF117E0C9EC4365405A0D3B977436561FB3BE28ECAC38E61DF15F3541574EF8A1B2B0E79077C51D95871CC3BE2BE69839D3BE2998473217C0CC44CD89FABA31210D37DC23B2B0E39877C50D9706BA3B435CD7CDD093746C7AFBAF9BE11DFA75EC9DB3212350EF8A1B2A03C83BE2BE6AC3F677C51D9500E61DF143654079077C57CD787ECEF8A9B67431869A76BEB41816E0ECB742DC0B75AB702DC1D900DECB75BD9537B2DD6F65B83B2DC1D96EB7B22C0831BD96EB4730B71AB705A2D6F65B816E8ECB71BD96E0ECB747641ADECB70765BA3B2DD1D96CE6C6E91EC736EC58F7238788554611C3C37FA30BC087FFC610C3C5F502F94EC6C5B071CF60DD70F0F51F7C2F2DC4822E67D2DF9A2C0C2EC1C4D94EE8D0BAAD6331B138E0A37DB3126461DDA3EF58D9F6842F60C2E104CD23525D5456231BB4CCB8364F856C2D74CDD43EED6367DA10BD830B846CAD23525D5456271BB4CCB8264F856C2D7CCD161F76B68ED78F6762218A58CB99236C91D16DC83C36E1F1904AE6C4F7343C03A53BAA99F88870D11C1C0D974160BAB45F2831D1F810B58F2CC402090010BE4DE227976AC0C924716EBA1FBA56E37B2DC6F658E686E0E723421AA189A2360746DFA235B46060208637DE8C31387E8C034B152B30B15189A5C450D4AAC616F8DBA775611F162E275C603C68563A631C823600DA1AD27EE9C19998003B835EC6D33CA9EC32341734734EC4F8984710C0D787B6C8EA992E2220D90B37987B8D0AC54D1C98664B10DD25D4426C78C7B4381347D6A4F1E085A5C69CE714256498291E001232AD6CF025C392F1677CEA842C6B8911B4826F5253E08CF260E76B6831A238FCC00EF1E5C3591BC813DB835E0E7CF82FBA1C24D657EA504BE14F1BFB1D7D991E486B97CABFF0000C7FF00E9FF00F23544237491B652430B80711D0266CFC760E280ECCC56FB3AB643A2DA219B9803306F8FE332ABBF5A58F3B5BC4679088F7377CEDFEEA7836C4988C14D8D31064728ADD3DD6D03B5BC4679088F7777CEDFEEA7836BC988C1CB8DF083239456E9EA56DCD938ADA588C3BA2DD0C6B4871256D7385870583D9F2CB41CE60247300754303B4704211B3F12248AB56C87FB2F95022F24C397EEF8FBC392F9315F3BE1BDFF00F29472DA1FA9623EE284B1D033417B80F341C03E9C05527D0D5BCA96D5D64C3BEB4DDD56271CE6B18D8434B0B353D960F10F8DB339B13746DAA9A77C8F6B0B89E7EA504B781C5C4798008F8A6BF10D8086588C9D485B910D9CE735D6F32B6FD4A19A16ECF7324ABDD343AD9401F2671E9BE1478273E36BFCAA36DF427558B608F0F0461ED710E3641EEA563E0FBB2316CB03C8C9EBE2151B98490E0343DD38EE9F56F00B6A6E18A12D1FBC791E3AC867682B015A0786AF9E76AF83A658593C48233D6A8FBB21ECCBE55FF8063FFF004FFF0091A8B5DA502B09B53686158191CEE0DEC754FC763A5C4473C92B9CF69B6DF208EDFDAD42A6FF00DAA4DB1B467F0BC496F71E1C34EA17CFFB5C1FD37FED588DADB4712D66FCC7CC7870A1D50DBBB5B7774E20FB6B5533E79A42F91EF7389E6561F6B6D2C347B914EEDD1C81D694F88C4E2A42F9E473DDDCAF930D236C61FDFF00F29CF68FEA588FB8A38BF34C7068FA23508343CD50251696684529B08C9A321CD15CEC26EC7DE7578DA2760D8C81D00B68EA561B07E4D156875D4A6ECB07C7DD7EAEE43B050E0C61E27C2F360F3B5F346EC72032733A5266C7DE3ACD6029F02D742C85A43034A3B19ED1665086C92F8DAC120B0E2495360DB2C2D849A2DA01CB0F843848B76EECDDA11EFEA1A0AABD0ADA719647179A05B8F2CF5F43A1434411ACAF835CEB3ACA9585B364152309ECE0AC2D32C461E0C5C2F8278C3E37D5B4F2346D7E4E6C4FE1D1FF0055F93BB13F8747FD50F939B13F86C7FD57E4E6C4FE1D1FF55F93BB13F86C75EF4EF939B168D6CE8FFAAF99B658FF00B9317CCBB2BEC4C5F32ECAFB1317CCBB2BEC4C5F32ECBFB13143B3367E1E564B1615AD7B79385E995AC544E9F0F2C4D20173685A663B6BB181822C250681CDEBCBB6B03BDE16179777A76D0DACEFF2B0BCBBBD0DA3B59ADDDF070BCAB9BD7976D506FC3C2F2AE6F4EC76D67DDC584163BBD0C46D9F0EC3304E69D090E7E9EDD13E7DB5179FE1611CD23E902F213F1FB59FBD716135F5BD7CE1B5E88F0B09F17A6E3F6B071222C2EBEB7A7E3B6B3AEE3C2EBEB7A3B436BD578584F8BD371FB59A49F0B0BAFADE9D8EDACFFF002F0BCEF9BD1DA1B5C8AF0B09F17A6E3F6B349222C2F3BE6F471DB58EBE16179DF37AC46236A6258C6B9985146F42E5673210E3ACA815ADAA4295237D1036159F4174B4BB58593C3C4444F2268FBD683A235A108AB5D15A1ED47B2148A99A1B2482BF78AD321C91D32BE0D502B5B5485D2648F8DC1CC3454788638F3F0DE7F03BDAA4C3B1E741E1BFA0FDD77B0A7C6E8DDBAF69072D574CB905CD52084723F56B1C7D838CDF641CB7865615E77E801A28E566EB874503CCB131FDC22345568A0022D4DE88D0415858C6D4C7D601CCAB281B5DF337A655C164651CEF8C6E901CCFAA531CD9594DFCE33AB1DF487B0A930ACF043A26B8BAF5BE6B973472641249197B45806ABAA18492ADE5AC1DDC5362C3DD173E43D98D419B9A88638FD6F36519D80F9D8979FBA2871FBD10A902AB2072AF4159D716CD97798F8CFEE9B1EC39551442199D46B93BD416386B1B87AC2E5AABCF92BE5C3AE45724465481DDD41D4213B1D04465790EBE6D3A84E6324AF106F03CA567FF006A5C340C78B7900F260165362681E6617FF348539E1B05BE4035AB8FFB046784596C3BC7BBCDA762667FEF6E8ECDD11B26C9BCAB3D782F2AE2B5799232D38A972CF02FDCC4335D1DE69549C35E6AD026D1E4AFD5C1341E380DDEAD6EEAD0D9F08FA45C53709866F2887BF546261696398374F4A588C13A2B732DCDFEA16AB5409565522B9A2AD03C58791D1CACA7D34B8072C4E25ED90B63207729D248ED5CE25788F31865F9B77955A0B441127A217D57B33BF496A82D780F18B690E1CC289FBED6BFEB3414E16A852A4396A8D21C91410E615AA5A146FA29F06D92DCCF35E7A7429CD7B1C5AE0411CC7068B970565AABBCDAC2E20345928E1E6EAC3A2746F68F39A429219220D24687AAE6382B3B57C04940AB5AF157014095CF81B879DFF46277C13767E24F30D6FB4FFD133661FDF97E013767C1D779DED3FF0044C6358D6B5A29A3328105117AA1A1B4753681AC8AB55EB415296164EDA78D7A1ECA7C34901B26DBD1C103632D2F9700CB5E685D65DD0586173C63D68B01BD354E69D5BBB63D8E5CC5169F81A52E0C38131E87B2735EC24381055DE740AAAE1073AC884392A27AAAF5A16382D358F93E8B0BBD82D37058877F975ED2026ECE7D8DE91A3D9AA6ECD886AE7B9DECD10C2E1A3FF2AFDBAA6B18C1E6B034760295F60AF2E4AB2228A29B5975C8229BC8646C21AAD464403A1AA3CC1588C055BA1163AB7FE8BB82BD8873CA9522BA2198585BF1D87A0B409D111BD608D1189A35DD6D7B2D0772D0D7DD2B181CE634863A81B3A655595AD7D203AF347555C1616025F0A6DCBD1FA7BD0AEA8FB13516F3434CAF2E486A88B29DA5235C9722A96968D66C3A2228A0ABAABE4AB2E4A7C2C73D91A3FBA180C41344347AC94CD9ED1F4E5F80588C2C906A756F47041688700CB0EF6B1F6EEC98EB1BCC36D28107973EC8DA7345EF52931E22751C1CC7D6D692162676B9CD316067E5AD3401F02573CED69910BDFC3AE75915CF2ACB91504A25898FEFCFDA85221045036AAD6A152EA88B4469A9CC1450D0237D1734DBB3AABCB79683541DEA44D2BE48F74D5A155D080429F020F9D0FE145A41208A238820A399F19B05473B25F53907FD6F8A90D0B52465CCAA00B8DB81D6D49B37071BCB59046DFBFBCEF82D33AF52AA1A2E46D5A032BE1F765AAF7AA5AF06CE9775EE889D1DA8F68402A43440AEBA20E5EB40EF27040E5DD1F52195F45B96834A000D51F521A730A95D154A952F1A20E20C82C7341F1BAB75ED37EB554BA6994D04738F3C53BA3829A09613E70D3A11C95ABE0AA3A2E49A4850E279364F8A948F08D3BCD2BC5D63BAA22CA858D91F292D075E1B1C952ACEB82B2D38DB1BDFF4584FB05A8B058AB6B8337483609285ABC85946C201000844764110AD387501512B77D68842956AAC22102B42AF208AE49F83C3CA4B9CCD49B26D33070C6F0F6B4D8F5A06D725BC1020A2D04104582B118122DF0EA3EAAD75046BC415905090EE6E74BB52381228D80D014723997479AB5EF5681CF5E1D4640E54A9004F21653709897F2888F6E8A3D9B29FA6F6B7D9AA6ECD846AE7B8A661A067289BEFD51D10288432D503904572D4A041089F5269479A0AB2D085482232A5BDAF25608CAED15BC02DE1D113675C9BA80AF5A2B787458F0D258EDD009BD5570DAD50D107A0E08E54AB3368725A9F416B04F0FC3B28004687DCB5C8A19D2E482282195A36823AE8A8DAD152195647921C952B556890D3AA2E0814754536D1F6E5AD2034474FA5A058B919239818EBAB5AAB5641579F3407A1D72A5EE55C3C9735B35F4648EF9EA1028A0150411D10450C885CD52072210774E037D907755CD034822AC22E05171435450E591168224AEC9ADD02D3914F635E0B5CDB0562308E8FCE66ACFEA11E219E1668E1DFDE26CD5699DE40E57E8F0F2787346EE9747D850C8155D55F60BA205117993EA41DAD2B47440AE6B9206D7B9724355A21ED4E705BCE034564E5D514D46902291C822BA26D8017354552C4609AFF003A301AEEDD0A731CC716B8511901C6152AE0A42F82B8F0D219208DDD6B554290ABE0ACF542A91621A2A5547222D7240A2073B4080138E7D16B79755D156A8A08AE9A26F328917CD1E89A4D045036151194F032714E1AF4239A9B0F24275D47428AA478AF2BF436AD036A0C2BF1165AE000346D47B3621F4DE5DECD10C3411FD189BFDD34A22D0D115647342FBA2103958E6814572D502111796F3422E07923C156152B46F2D2D0C892823AE645A00AAD345ED55A69952DE4E6870A2011D4153E08B2DD16A3B75E1D321957059E0E651006556A96CD7D48F67717F04110B4B54A8AE6882865C90BCB968173E88AB45C55DA28655EB562B2B4420B4411080D32A28356E8A554801DD5565642E79735A85CD5AD1639B182C7014E3779044E58EC7790B633E1EF9713A6F57255E86B2AE0C2BB72788DF5AF8E887AF23CD5E888777409CF78F6568391C8B9140A2868AC2F5A055208A02914110804413C935A555656ABD6A86560AE4AED552E6B50AD135C93E56B1B6F70014B8D3CA215EB29C4B8DB8D9E1DBAFB9A067D5613F1287A3AE0163AEAA2787B18E3D402B99D320115C9592882B9F30AB2088B2AA8A281449ECAD568B92051F62B44FA96F0560A16A8ADD5A056AAD52B01592A89554AE9735C9036172D56F84F7B5A2DC6829B1DD231EF29CE2F3BCE249E0B5796D57EFE3A6EC287C02D5027AE7681BE0B1915AA04F5CF03217C01BF549082210D3305396B9845C3BA26C237957755955F5C8AD555A0D5B8A95AB3D90055ADE54E3C8AA5795772B40B5B5607344F645C0025CE002971A0122317EB29EF7486DCEB3C7AE53C9E2CD349F59EE3F139D654AB8AB32AD6CD93CF9187A8B4331C91165725768E8B7B55BC4E62FB2D468551EE82282A080A37906DAA015AB556B40B782B5A14295AA2BA2B5A9E8AAD689C1ADD4914A6C634691EA7BA7BDEFD5EEBCAB2195AB579621FE1C133EF931C78AF3E4AF2AE1E6B08EDCC4467B9AF8A198E68F2C8B8F2081272A5BB4AB2211402E8AC0C8A0AF44412B75725AAA2AB3A54112B5402B1D9172BB58CFD09F68C82B0895A2B57973CA5C44100B9646B7DAB1DB5639A292185AEA7685C74C8FCBAC3D90767BFF185F97787FE1EFF00C617E5DE1FF87BFF001AFCBBC3FF000F7FE35F97787FE1EFFC6BF2EF0FFC3DFF008C2FCBAC3FF0F7FE35F97787FE1EFF00C6BF2EF0FF00C3DFF8C2D89B7D9B69D3B5987747E1806CBAEEF8EC8A23984C79731AEE84021071EAAD6F2BB40AD506DF328B7B2BD32D504412B5CBDE884D69400B4084490ACAD50B5748B96AAA96F056A900168895651CB1A3F327DA338A36BE32690837B91D54906E8BBCCB9AD04B880D1CC9D029F6B6122B0D7191C3A3797C54FB5B152D86111B7FD3CFE28B9CE24B8924F539C1849F1B891878232F91EEA680A2F9018FC046FC4ED681C21D03770D6A7B95B4BE406DBC345362E0C2B9D85003D97F4F74851412CB33206B0F88F786069EE4D2FC8C90B2BCBD9E36EDEE6EE8B13F2671787C0458805D24AE7869858C2484DC3CF24A628E17B9FF005434929B83C53A6308C348651A96069DE1EE53E131386DDF1B0F2477CB7DA45AF909FA4DA1F759C7AAC0CE1F1888FD26FF00508E5CD0682A9B9D2E485234864742A8941B99082034CAEB20DEE568ACE5BAA8044ABECAF554BAA34139C1ADB73A82C4E21B280D68D01BB432C3C8439ACAD2D5060713C9073CB5964D81AA9F1B86C36924A37BB0D4FC029F6DBCD8822DDFF53B52A5C44F39B96473B8BFE12BF651DB18C8B19BAD99DFA171E76BE52EC93B4362CF85C24BBD2EF30B1AE200D1D675470D828F0AD13E20EE45179D755406BD16DE386C67CB1986CA3144D138F09E7E897375B2A232CB33E39F09B9288EBCA1945A41E8D3CC213BB0585C0337BC52F9DB09793CEC9B72921F261B57138385AFC5BE8D7721A2826359E57877BDAD188386707576B6FF0062B6D1966D838D763226B1ED98F85EC0FA69F785F213F49B43EEB15E579DAB51BCC6F6BDA750A295B2C6D7B7AE43DA82ACC6A8A042BF52B432D421AA282034450E488556B97456B5CAC22E5779047D990E7CD158E16C61EC781F2C700DF7C81807224D2C47CA168696460C9EB3A053ED2C5CFA3A4DD6F66E9E8760ED11B2B6DE0B185D4D8A6B71F523FF0013BE469DF3E5528BAE4D1A7F55B77FE25FC989B646D28B053BCE2258B7630E6ADE707EF5D3AEEC774EF945B65D0F85E5A6AAAE8077C6AD0DB5B4845848BC7F330EE0E8C6E8D0B795A6EDDDACCC4C9896E2FF0038F003B41440E5A2D91B7CC1B427C5ED092490BE1DC05A07706AB4002DA9B5F1BB4DE44B31308792C650143A5D2F909FA4DA1F75995657C3859FC17D13E61E6A9B5A2E48140DAB5AF6579FBD56655E56ACE40EAB45D5559CAD172B5AA08D676AF5E48958B170DF6704429F69E120B064DF70E8DD54FB67112588808DBF129EF7C8EDE7BCB9DDC9BF47F91BB1C9E537E35F919B1BB4DF8D7E46EC5FFC6FC6BF23762F69BF1AFC8DD8DDA6FC6BF23763769BF1AFC8CD8DFF008DF8D7E466C5ED37E35F919B1BB4DF8D6CCD8982D92E94E177EE4003B78DF2CF5E3C0E234F05C7EEFF00D1504105AA2ACABEE88D50560E8BAABE8BA725472ACFDEAF26A73802AEF21EC45008A08EA86454E09824C9E371EF6DF2711E9F454AB82B86D5D2BE00482083A858695B3C77FBC3E9640A08E413B20114105A85EE40DAE4B7B229A827D208D0435C82391CCA96CC520FF4944AC500DC4E200E425781F1FD92B33EDCEB834CAD41318240F1A8E4426B9AF6873750503AA19DAACAFB144770AB3D02B288BC82AF5E4398D5386882215A39844A1A8C8F25A1690882B680AC6E245579FE96F2B57969958CEF879F160B11B8E1138F9A4E9EA398450569DA2191F6AB564AA5D792E88DA0A91CB98E2E6873E11C94CC735EE07BADAC08C7CDEB0DAFC2321FB150E1B1C35C383C478ACDD79F3DBFD42E6B75108A68A54B40AD55E434565721AA042396AB5C81D291B04AE990E0281CC2C4C3E236C0F382DB6D2DC6D9EAC0731E96F875ED91E2E7C3698F31383DBCC28A56CB1B5EDEAB542D57AD5AB24F347554AFD795208EA755CBA2E6B540A2826A7F3438744505A5E432F94D81787B316CD59418F1D8DE87F63BE3BE0D551E1C2623C17D13E63B9FABD6B45BC8D9C8660EABDEB4E599411429688116AE8A7EAD40D228221054A90E196264D1BE391A1CC70A20ADA5807ECEC53A23AB0EAC7776FEC17C3AE75C76BDE867839FC466E38F9CD1F10AD0D510A90CB4083B547219D6411D0E4350BAE402F6A1651C86632AE6B6AECE66D1C2B99A091BAC6EEC7FE8548C7C4F7B1ED2D7349041E84663F63B3E958F31B9AE69D428A56CCC0E07DBEA39DAA5A23973455E44219044209A5386B975445E4574C8AB4105597CA3D97BCD38E85BE7374940EA3EB700F43EEF45795AD56BE870D3981FAFD03CD0D45A051CC1F522823AE5AF7C82282A55AA09FD0A056AB985C91410E68E433E88805A41160ADB5B34ECFC4F983F3326AC3DBB8E01E92C7756386BD06BC17960B13FE53BFF002954BDE8AEB9EA56B902891C6EE480450398C8AE8864174544E802C66CC8B1F8592098D58F348E6D3D0AC561A5C1E225C3CCDA7C6EA3C03858F6CADDE63810B5CEB83456AF8AB8E866090410750B0F389E3BFDE1A14345A236102AEF2051B396A8940E41140AE886851411190C8E410C83E332362DF01E7A26B1AD1A0CBE52EC8F2EC39C4C2DB9E16EA00D5EDEDE858F7C66D8E20A836883426147EB041CD7005A6C1E4465EFF4B7E8A199D0BC3872EA3B84D707B439BC884345CD1F620A956611411B2822826A3A13904574411E7C0486B4971A03A953E389B6C5A0FAC8388707027781BB585C437110B5FD468E1EBCFE52EC8F229FCAA1654129D40E4C7F6F61E0078A29E584DB1D5DC742A0C7C72692798EFE8AC1AF41AAAE1BAE2D32B1960A7DC7786E3E6BB97A8E42865AE442057BF2B08A1CB807309FDF2EA8A199C82C6BDE6673493BA2A87BB3C1E24E1A60EFDC3A39021C0106C1CB13868B1704B04CDDE8DE2885B470136CEC5C9879472D5AEFACD3C8F00E387132C3A35D6DFAA79283190CD42F75DD8F1EBC3CF2B0B5F41AAC1CFE2B775C7CF6FF0050B4CC67CD1EC82D50445A19916D432282EA8AE99E33F5993DDFDB8365E2AC793BCEA3567B3B67B7B653769E10EE81E3C56633DFBB7DE9CD731C5AE04381A20E8411C03D0418D961A04EF37B150E2A29BE89F3BB1E796BC15C15C1632D78A37BA370734EA14520958D7B78823C90CFA208A085108734780F0624DCF29BBD7818E731CD734D106C1585C437130B5E39F270EC73F953B2371C76840DD1D426681C8FD6E11E860C7C91D0906F8EFD54534730B6381EE38EBD36167F05FAEAD773562811A840A3973C81472A4381A8E851402EB9F44E7B2361738D053E31F25B596D67F53C2480092682C26D98709886B6CBA371A791C87AD021C0106C1E4727B19231EC7B439AE04381E4415B6765BF65E2DD1F389F6E89DDC763EB1E99AE73082D241EE141B448A6CC2FFD413246C80398E04677E8287A1C0CF7F9971FBAAEBA2E6B540A3EC411A5EFC82286413B98390C8E53E29908A1E73FB29257CAEDE79E19B1F147619E7BBFA29B112CE7CF769D872CBE4E6D1F159E472BBCE60B8CF76F6F767B5B6747B4F07240EA0FFA51BBEAB829A1930F2C9148D2D7B1C5AE1EB1E9E391F13B798E20A8768B5D4D9451FAC39205AE008208E847A3BE2A40D1041A2161A713C77FBC3472B5CF885E61140A3A84332E0D6924D01D54F8D2EB6C5A0FADC33E3A28AC34EFBBB05362A69B473A9BF5472E086692096396376EBD86C1580C6478FC3473B34BD1CDFAAE1CC67F2A3641C447E5B033F3B18FCE01CDCC1D7DA3F618A796136C75771D0A831F1C941FE6BBFA2BBCEFD3432BA07870F784C735ED0E69B0731EB450CAD14339B131C028EAEFAA161313E50D787001C3FB20BAA9F111C23CE367A3429A79273E71D0721C136321874BDE7760A6C5CB358269BF5471EC5DA27038A01EEA864D1FEAEC573C8804510BE50EC8F9BB13E244DFFB34A6DBFE97756FEC5062A58391B6FD52A0C643350BDD77639EBE875E1C1CFB8EF0DE7CD772F515AE611C8E6E21A0971A03AA9F1C4DB61D07D646C9B2543298656BC74E7EB0839A40703E69176B118D02DB173FAC9C4B8924D939CF8A8A0D1C6DDF5429B1B34D6079ADEC3D17C9EDA5E3C5E4B2BBF3918F309EADFF00F99E37070E3F0D2E1E51E6BC731CC1E842C66126C0E265C3CC29CC3CFA11D08FD8E0C74B168EF3DBD8A871314E3CD3AFD53CF3F7FA1BE0C1CFE2B371C7CF6FF5082D38429F131C1A1D5DF5429A79673E71D3A0E8380CB218C47BC77074CE6C4C500F39DAFD51CD4D8E964B0DF31BEAE7E9209A4C3CD1CD19A7B0D8583C5C78DC3C73C7C9C351D8F519FCA2D91F3861BC589BFF00688412D1F59BD5BFF4441068FEC6090410543B42466928DF6F7EAA296399B6C7839D7A363DD1B9AE69D428A46CCC0F6FBC66322E6B5A4B88014F8EBB6C3A0FAC89BD49E29678A11E7BA8F6EAA7C7C92691F98DFEBE9F61ED2F21C478723BF3129A77669E8EE0DBBF273112E2BC7C0C21C24B2F6586D3BBEA473CA0C0E2312C2F8DA376EB52A7C0E230ECDF90002EB9A8609710FDC8DB66AD39A58E734F3068E7061A6C41708DB7BA2CAA374BE6AC655EE0F8A735CC716B8510688E08E09A563DEC612D6F3398049A09F83C5471F88E8486A830788C482636581D4E81330F8913F84C6112850F95893C29A1B357BC10735DAB483AD6995FA3C2CFE0BF5FA2ED0A04686F4CE7C4C70F3D5DF5429A792636E3A741D38A59A3845BDD4A6DA2F758886E8EE79A249364D9FD87E4FED21898061A43F9D8869FEA6F0E1DB1C58085AF9FC2DE17BD601D75EA98CC396CAF7CC678D9D5D4E00A83C948965C3340A6EEE8294781C2C2CFCE31AE275739CA183031C33CCE60747BC774917A760A5C061E59A12230C68697380D2D1930ECC14F2C11060D5BCAAEB45828FC5C540DFF00503F0D509217620B44C4BC0FA17A238786333E2B14DDEB790D68F82976761E59A2735BB8CDDB7B468A4870788C248F8A20CDD341D5A9210C160E384DC21C0375773284F8587042410546ED376859E8B17E44236781AC84DB88BA0B018038A3BEE351B4D1EE51C2BF0D8E8BC0635D7A869E83B92B1388F0E2740F94493486A8726DA95F2433E0F0B00A68A2EF584EC5363DA4F6B632F2E6B5BA73B58D18838778840BAD4DEB5EA51CB244EDE63882A0DA0D750946E9EE3920438582083D47A4C14F750B8FDD28B834124D00A7C7136D8BF12B24D9E19248E216F78014DB45C6C44287D63CD39CE7925C493DCFEC786C449859E39A234E61B584C5478CC3C73C7C9C39763D8F06D2FD4F05EC1FD961BFC2713ED2B667EA527FB8A5FD2C5EF527F85C7F7FFF00D97F98EFF6C29FFC25BEEFEEB657EBB1FB0AC37E9711F7D4DFA067FBE3FE75FE73FEE0587FD521FBC3FBA93F453FDD2B15FE1784F6B56D1FA507FB6B63FE85FF007CFF006517EBF3FF00B211FD7BFF005BFF00B47F5D67FB47FB8585FF001697DAF4EFA2EFBB9ECFFD5C7DE390E1EB9F6CA0FD343F7DAB687E85BF7C20870ED2FD3B3EE0FEE7F66F92FF00A84DFEFBBFE519FF00FFC400491000010301030708070603070403010000010002111203213110134041505191042022303261718142606292A1B1C11423526372D133B2E1154353647382A224A3F0F1054493C2FFDA0008010100083F0238009DE498F029317ACCD43D9BD39A4144F41DF3C8D379ED7873CDBD959B2AA7A64DE7C97F68725F79DFB2FED0E4BEF3BF645ED754DA9AE6E04227A0EF9E43804EC8E7B48BA478E43D876438009C9A31283ADA6FBCD97478A220AF44E397D118226183B4E56366738625EE76F566E739C449270410C0F5F1AB48181DA44A9402852A799BDC064D6EE914DAAB928B44E03CF26F682BDA8E192C8728A23A30C310A3957B8572BCF513756D8BF2FF009A7FF28459CB5CF8E9501A44AB01CA03E6F16A00BBC97F956FF31C9BDA0ADEE03266DAE6590BE45F2ADB930CDBCC6F4D686DA8BDA00D5937B415BDC064048AED4CC7B23FAA0CB49FD7FD138C997B67C20FD72777C9777CD384B66F08BA584F458CBA06F3DEAD1D16859F74FF0045F75DE6B94DA59BE8D4267C15313A96E711A070D1FBA386CCA864850A51EAB73815312404D20B622E56754AFF0071C9B9A02F6A78E463BA245DF7CD1F555FFDF6FEEADCDD3FE2077C8E57729659BC5B97F4E7022352B1E55364E3DAB275D3DEB9572B630BC5D9D71AA159DA579BB10C2E1BE4EFC9B9A02DCE072671AD65A8BE4DF2ADB948CDB0CEE4D7075A9B9A41D59373405B88391D67F75D1A6EB8DC8B5A65D0452153F723B27BE7564EEF9AEEF964B46C93D866FEF3DCB948ADD33DECFEAB1B4381FF0013FAE4DEE2740F2D1E7076C69C81B9274138109DE4ACED1CDF028B83C7B49CD8BA2111D06FCF2345E3B5E1D4369735DDA6384B4AB4754E7627211D06E438109D91CC68175FE190F65B90E053939B2D90E106082B39CA3FFD106D2C60B82F446397D13D94DB222D47A44C86FE9C86F61D5DFBC2688989FDD0C00D035E3A3F74EC0AB24649D1EB1C53C8E2ACED58E1E30A1BEF056D6CDF00535CD002AC7155B78AB3B56B0EED4BA07FDC1523DF6AA5BEFB552DF7DAA96FBED54B7DF6AA5BEFB5437DE0AD6D9BE00A6968015638AAC714E7378A65AB1C3C61747DE0AD6D9BE00A0E68015638AAC714F70E2996AC70F1850DF782B4B5681DC534B40F1558E2AB1C538B48F15676CD23BCA86FBC13ED98DF34C7378AADBC556DE2AB1C55638AADBC55638AAC71558E2AB1C556DE2AB6F1558E2AB1C55638AAC7155B78AAC715382952A54A952A724F3254F3672C8BC1558E2AB1C55638AAC71558E2AB1C55638AAC71558E2AB6F1558E2AB1C556DE2AB1C556DE2AB1C55638AAC71558E2AB1C556DE2AB1C55638AADBC556DE2B3814ABB8AA9AB39F1550550550550550550550550550550550550550550550550550550550550550550550550550550550550D8FE3B27BF489D86DA01AC7FB21D4AA9E691E1E946B0985C7EF2D19D2F60AA9AAE47141F78EBA142850A142850A142850A142850A3278A384DE8D8B05901699B34DD005C7BD5931AE707D94C0F78F826F66B311BB62B8DD37AA6CC306728E8088A6E74EB564C69707D94C0E27C137B35988DDB00A035F37F84D707C59D34BAED576283DF3F7B1ABF86275AB3B3869B265FBEED0334E989A611B27D270317494186BC298D68D9BA5B79BB059B71A8C3401894EB27061BA62E40CCE1B08B0876E846C1E0C4C53A1B4494EB370F1195B64E23B82283ED25AD2756A4F12D33F2561626AAF549B93985BE2131CD898BD3A246E42C5FC11F49C0714D73E4463E29AD27C13985BE2398E041DC5669F204911A11CB19639B0A328477A851921665F56310653185C77046CCD2703A9665F790303AD3ECDC08C6428CB19632C65846A7B4B180D4D132CF3D69BD0FBC2E711F08F04D2FE9DA5578182CDBBEF191331E8C609D6734BEAFFD79200D5481D911DA9C7E88E3D74A952A54A952A54A952A54A952A54A2BC56E2A08A5BD1F1267BD43A802CE9FF65FF14FB20E25D3D906E859A82E6B63A2318BFAFDE8621673E01673E01677E01677E01677E01677E0167BE01677E0167BE013AD3E0155F00AA552A955F00AA5527892A954A06D0BA96412062DDE8878A5BD181AC99DE9F65574BF083742CCC1735B1D118C5EA152A954AA552A954AA7A88CB19632C65857ABD1957A82A15E88B47873180D4D13D1F3D6B36E870155C0E0661063A447C27F7458FF00B9733CEEBD44896B4F4460CF6478A634869375C3E8A1464851921464851B23C74FF0E60638F92223C72669FC1669FC166DFC1419DCB34FE0B34FE0B34FE0A933B966DFC14E52B36EE0B5ED092A5CA4A92A4A92A4A92A4A97292A4A92A4A92A4A92A4A92A4A92A4A92A4A92A4A92A5CA5CA5CA5CA4A92A5CA5CA4A97292A5CA4A97292A4A92A4ABD495254952549525495254952549525494711D5126E85254956B5748F40772B4E56E0E1AB1F904CB52F678A24F4794304F7395ADABDAC1AFFF0002FB63F81FD97DB2D2EEE3FB269343F953434FB2AD6D5ED60D7FF817DB1FC0FECBED8FE07F64D2687F2A6869F655ADABDADDE9B6B9C1E2159173AC7D21ADAA4C44AB5AB38F13E08F2C74F1FA26DA39C0E0E042713531E5A7C9495255EAF57ABD5EA4E0A759539254E49425CE380189568E658F71BCAB3B5B3B4EEEC94F6B9AF6F69A72BAD6CC1A64305FE592CDC039F379EE12BED8CF7532D2CED3BB02AD98EB378D4532DC305953AA66A4CE5366EF1042E5160437F18BDA8143940653685914CE0BEDADF717DB5BEE277290F9786C5309AF659D93A626F372B51168C30E5644073A4CBB0B95A5B076709C06119672CABF6E6FBFAAFD397FBCB2E8B82E4D6ADE919A1FFBA772400BDF35B8F47E0AD48ADFCA2CBB385CACE2A2463DC57DC712BEE3895FE619F3567151231EE2BEE3895F71C4A8FF00EC33E6BDA6FCD591A1E30213DA2ABD96817E0710DF03821F86970DC5727B463DBF85F715F656B1D7F49FAF8279E93DC5C7CFA8F6546B4324219215A37EF2D3B1ECB5724B26BE9B8BDD82E5764D68718AD980F14C1F79638F7B7253D167DE3FCB247449ADBE0E43F33F9558B584BDD1D25CA79300DFC6C38792F4EC856D2BFD2FAA160D7B0341C60A173A3A566F567FC0B5370FC2EDCBFCCBBE4131B614B0FA53FBAA792FC7F756D998619E84AFD7FCC5590E9B3F89DEDFE8BD87FC977BF215190A85DDB7377D7AAFD3909566DB6696FF00781BF356B64DB51BDB7154CB0DCE6B94C86729B3A7C0AA2A88BA6315F60FFB9FD10E454D4D22ACE612B75BD9AA2A88BA6315FD9FFF00750E45497348AB3984ADD6F67F35ED37E79353AD6E53AD83805659DB2D55D3D13E2ADEC03C7E267ECBB566F1777271BECDE59C3A8EE556B5392A53903959DD459437E592CB925AB81D74C056B67699BA6934341B94A70BED5D77E96A700393D140BF76B5B8D0EF353FE27F2AB0025AF9BCAE576C23FC367EE99FC5B6111B9BBD7FA5F55F96C4C77498F0BF0C387915FE61DF209FC96CDCE3892D5F62B1F7558D932CC3197D235B97EBFE629FFC4B3716B86F1BD0FE0B9AF367C305DEFC92AAC92AA5DDEA37E9C83B42F1E21102629B462B2E585ACDC5B2AABBB4E7396A7F29B3A7C02AE998BFC17DB47B8BEDC3DC46D6BA2DECAF88BD574CC5FE0BEDC3DC5F6E1EE236B5D16F657C45E83E9922FC7056DCADCE1B9A295110218C1AD7F7C1F9C3FB2ED31E2F1B90E5C68FD37A98B3B309C2FB4797F1EA3B94EB39672CEA470B5B3A5DE38156ED8878876A2158576BBDCD6F4479AB67D2D9038AF45D68F6FBD82B5ECB772B1E44637BDC9BFDE59D4CF1C42FF53F950B1AEB746308B7376C3D03F456726CDE7EF3D92BFD2FAAF618B36E1621C0BDE6EC3505E95A90D0BFCC3BE415A7E3FA21F54D3AD7EBFE64CD56AE0F1BDB29B0E1DA61F15ED3F2CE59DBDBEFEA7F4E5B2B42C7EF0A6C5DDE42E516F2DFC02E09912C78709C2E54727E0E54F26E0E54726FF92906D73B9DEE954F26E0E54726E0E54727E0E45FF7B9CCE55ED2AEC9FF00A9BFB2AEC99FA5BFBAB47B9EFF00C4EC9616A6CDDAF715F73E305728B62F8C060D1D4F728D79632C20DAEC5DDA67D42FB530773FA3F35F680FEE674939B4D933B0CFA956ED39B603117C1561681ECFE23A3E193945A4665D481AC828FDD5939F6AEE91C25AAC2D83CB6D24C263A97B4CB4AB7BDCF058EB2D65CB945A515D14CF74AFB6587BC131F9D7FE162B6D5D866A6856BCA2CD87ED0EB9CE03505F6BE4FEFB57DAF937BED5616966FADFD2A083737C15B729635DD3BB5F690C0BDC42B77D3647A566E3ABB9585AD74175519632C2EEDBBE5D4FE95054150A0A82A1415054282A0A850A0A82A1415054282A0A82A0F3FB955AD4E4A94E4AB21010232822FC90891975E42D1C14E4202E8F0548E0A0057642A724AAB24AA9776DDEEEA5AD06ADEA86AA1AA86AA1AA86AA1AA86AA1AA86AA1AA96AA1AA02A4280A0280A90A90A90A0280A02239DDCB34712B365668ACD159B2B345668ACD959A2B34566CACD159A2B365668ACD159B2B345668ACD959A38ACD959B2B347159B2B345668E2B365668ACD159B2B345668ACD959A2B34566CAA36F77E89AF420AA552A954AA5529552A954AA55AAEEF042D20A2E55AA954AA552A954AB552A954AA55AA954AA552A954AA552A955B7BBA345EED3C629C134F923EA9EEBF45DC760B51E2BE3A1CA9DBFB8ED729B7147AE9410109CF559DBFF887CB44DE3623782705377527206945D089940203E89CF553B6FF00E1D13BF62944DCBE28E1BF2CE40114E4026844C2249407A8475ADC636C8581450BBB90ED273D5280445C8938AA7D47FC57E8A5D92324E41B04609A6F28BB82895087A93181D335EC1A7C3D4DDEA34C287ADBBEFDBAE30B381671BC556DE390EF43D442E0154830AA634F3A777AA41EE2B30C3F05F656F108727FF9A70BF21DBD9C1E57ABD06206139C7626AD3CA2F781DCBED0F46D9E99693E5975ED62E0A65064AB9567658D34E569F254B566DAB32D1E08B7213B42B41A50605527389DA474CD486574C772ACAACA6DA5FDE83BD6C9D13BB9F03CD6699C166D9C166D9C1117776CFDD8ED98C84E4D4869748E0A911B40E08EADBC74917DCB7DE81F1530A767F91DBE50D1C6A197BE5670ECF3AD1C47A81AF431CC1B4F7EC08CB1A17B41BC55261AEA4BB54A826091C11047F4EA4E8B3AF6A70D32349B37B9B2E6996BA3059912F24CCEF33B966AF26D29E9615A0CA7A4E38CF6BABD7EA21B956830A1016FD1E32C6C29E79DBE5E10928342AFD4027AADE36C1700A65358A63C138CFA827D44A8C1D5EA081EA48D5B765044E840273BCB6C6F1B70ECBA5FC76279ED5950A7401D5E0744BF62796D308E9EEF596547306DC9F51A500A76493A04EC5F2F558E0A7679215E5358B387E5B1250DB63628C42368763044EC58C91A01EB27606ED8328649D80720D24E0B7F551B037DFA6464951B1234A280C83A8392760796990A7D4175C101B2F75FA01D9874D194DCA3CF6694757346D48D30F3301BD6277F5F4EC1D46FF55F01BD63A0CEC18EEF51E7AE08DFA11D8518691280DAC3980275F90E858A9D83BF66CEC4013AF3A2045057EC2F3D0E79C11EBE762B6F4EBD61D41C87983A80A5523617975C3A8853D446813D5CE89DF967431946C3DDA1C225475E3630E677F527ADC101254F9211B0F78EA679E023A446C5F6B9B2A54E22726BEA8229A14A0AF9CA231577057705770577057705770577057705770577057705770577057705770577057704631D03BFE7965053CF844E8C11286C8EF47983C13B0942FF002FAA325C5B7F510895084A9405CAF529A14A8F82EFCB7F926F5DDEBBFAFF002411E7C22501B18E853D79C3BD359067109AEBF3350EF3E6A53AFB901C399878AC4A376437AD4B15A934152800AF95F45DE80971C0236B66D3B9540CEB4DB660AB52B48730FA432344B8901BE26E5CB9C6D1EEFF00CB805C849B3B46F8FC415CA59550C65D374DEAF86DABF560250289BF7040DFB94C9EEBD5F1BE105DEBBFAF381479E347286CBD5BD627201CDF6907DCA752AEA9D786408B935AA508471582B8A3909080B94AB9017ABD6E946D0671DBF523CA07041F52CF0E08DB0730EA84D754CC7C137B4D21CDF16DEAD1D45B3354C39A5726E545F666FB481D34D3233767F54CB2ED3A1EEDC4AB16FF001C34B07B4E30ACEC73B6F69F1DE4A659D16F653FF1C42FCEFF00F908F25A6C6D6430FF0044DEC5CF679AEF5DFA001D3187367478D0869879C0294507A38EA85722324A0325C80BD13191D9315A909529A15EBBD38786428E470ED609F6A6CEC9CE87386A9C159D9BF94D911FEF695CAAA6D9CF445A1921BDE8614B23C24AD7F6F3FCC8E0CA5CEF0A958D91B5141690DEFBD5B7F16D6AE8FB4FD4BF363FE215A7277D9B6C4CB9CEFA26E0C6B59E6BBF426F9E8F3B4E5423CEC54C2108AC15C56A4254A6B54AB945E8DCB14509529A3277AEF84328D640C84482ACB940733536D44C79AE516FD0FC0C1483E2B93BD8DADAD06A6CC53B90783682D739245C4AE50F6B8D34C06C085616CD367A9B68261728B5ADC3B2306B57E71FE50B3B67661DAD8DE97C505DFA11D6BD1D47A89D973D70EA4650D94FB90450172A95CA2F44C2B93B2120A02E52AE517A248C8E57A99405CAF5DF92B6AADAAB6A7B818EA85A5A00E325A1C40405C3277AEFD0B5EA4756831B5BBF2E0A6535AA4E42251B94E400AA90011528C1517295726B54A109C15EB15172BD566F559559559559559559559559559559559559559559559559559551BB4468BC63A0CE811D41439B3A5CA30545CA55C836F44C647212A6500AF52A2F46429461342A908471530AE288B949D903B27458E6475C34FEEE645E8C8528A00AA9008E2A51BD45C815720D449191C15EAA402BE54A84E90AA3B20E05387A92154804EC84CAA6E5254AA6F4642945005548008A9460A8B94A90A9BD190AAD923B43601286C9D4836E5281442C14AD4802AA509C10520A0D5281442BC29951720155B2C0C71D36763F7F3A54CA8BB254A13842055C8354A09C15EAA402D6A55C545C8152153B28EB5AB57573B7CB6F46E52B520D556470415483519529D0545CAA421117AC14CA8B946CBD7A8A3AB470A7419D2BBB9F5284E108152106A24E470402A9009C14A30506A940A215E1567660D58E8B86CE38F50D0AAC8E08152835190A53A100AA4138649941AB5A952366B4744E5851D41E68DA23A8D4B52015591C10552A5190A51841AAA413C20AA4028D9AE4711D70DA9ABA8254A8B900AAC8420AA54A74840ABA106A98C8E0829D267451DA6FC79D1B74F97514DEB0532A2E517AA9628B6E4154A119083B2537A98532A367B7038F5036DEB18F501117AC1552A95AD548DEA952814E0A0AA9045B7ED07090570E61286DE1CFD4AA4027052A6506A38A051828355591E10556D1D7AB429DA27038750E4154A94E40ABA15289214A22E402AA3216DCA368FA2EF9FA86711D445E88840E4A55E10728517A9532A95AD54AB1B44E051F50821D4045B92A40273502AA41A9C81C94ED31DA187A867B3D4D6A1382054A8464207252AF0AADA8DFF77A867561D41C10282215E839045B92A40270DABA8E1EA1EBD7D4385E82A9427040A9508C840E48D2E74929C2FF0050B56BEA62F464205045B92A4027354AAF6AB474863E1EA1BBCBA901382054AA5140E485076B0ECBBE1EA00EB22E50A54CA0D442952A36B3B028EDE3D7154A2502A2E50A556B11B580E98C36E342C7BFAF9BD1BD52B5A945465C0A22EDFB55A3C76D5A5C37268B823A007642D410722A398DB91DA9AB51DAED0B176FE60C475FA95791CD41072BB9CCE088DA5C3C53841DAA4DCD8B901039DA8F5E4AAB239B9279E42670DA4DC463B57C3A83D7937A054223AA29B7ED11D977C36A78751BB40952A2E548EAC8F3588D9EED68ED3F0EA751C3400EC94F5B81446CE03A630DA7BCC70EA8F5E555A00B911B3479ED223133D501E3A0137A93C740299C111B33D1D4767B4494FBDDD66AD023422134CECBD7ABC5385E366E0CDE9A3AB013B8288DDE28E23619085E36537118ECB024AB5BCEEEAC271406568BC76BF7D8BAF7AC46C91D977C3648C359405FBFAB75DDC80E6951D13D9D8D8147639C0A3B1ED38756EB901D47A5E894763B6E446C61DB186C56858BB7F55821D5B7FDDB20A6F0446C51E7A5B844F50FE88DDAD0103A9C0203CFAD2BD1F44EC92136FD8857A3A8E90D0BB4EDE8EB475735A24A3D277CBA9C02C4E81E90BC23B28842F1B0F878A7082346B4B86E42E19479F30DCC4D1D400B13A1B45C7B5FBECCD7BD6AD84DC463A2302C5DBF9EDBC956979DDD4058E8A702B56AF0D9A2E446C11D977C342B5B86E40401CF9820A68F3D7CF684EBCE91E90BC6CF6DC9C34F76051EBDA162EDFD7809D7E96D171ED776CF2987C911A701D31875D6970DC85C075C02719434C709051E3B4084DBF4E68F1EADA162EDFD7009E7C901A78EDB70EA2365142FD3216AD47A9B4B86E4D10075B09E501B08765D8F8F54C00BDCE0D6CE1257FD27FC97FD27FC95A35B73A016E07258D9B29B3ED39C53DA0176EE7B2CACF344C364DE51475094D1C9835D7806A94EB1B1B40310C267E29BC37750EC027F24733398127E9CE7B80035AB0E44F7B779347CD3ECDD676A3D17277901894CB0B268FC2F3D2F827B28B56769AB93D9D6F1DA26E6B572AB2B3A1C62B66AE2ACAC5B9B6FA64C4F827322A13A5F0F144411CE6858BB7F5CEBBB901B10E051FF00DF53F8039FF456DCBEDEC807C303095FDABCA8CEAA8FECB93DAB58D38329C07794EE50DB465505B4C2CF0A2DAD3B14DE67BD726B30E7340927B2D4DE56C71FC144041B16B5514FB49BCA1A5B4CB8964009D6EDB6B39E90A69566CAED1E3A2DFDD7DB18CF65ACFA94306DE7CB27E321BC530729CD359D2360AD5F6C2C037FBF37A7F45AF797F92B28B1B3D4E70971F256F682DAC4982E8A484D6D6F7F65A35AFB559D99FC2193F12B94002D5B7C8C085C9CB6CECBFC475E4F804EB76DB598ED0A6929DCAA2C899CDD1A877A6F29A0D959DC2994393E75C074DD21A1514CEAC9439EE760D6E28D8961B3C655A599B4B203B23F12CE358E71E8585324F8A1DA63097F82789F46C1BF0569CA5D5542AB3F420A1E9D95E9B6F9AB6CE1A8EB42D738DB3BED6D3C3EA808E49637347E22320B8A234A68BC63CDB4B86E4040EB5D72036381D36FC7BBA93859B437809FAA67FF001B2D387DE856D619A6B6E68AAA973959BE805B2F2372B5E55531914B0350FEEDB5704CB6164DC6D6D35AE480DB5A3AEADCE86AB422AB479B4706E02135E5B6165FC42359DCBF1DA4378A1DB2736C3DC2E0A5C6D9CEA9EEA8F8AD5662919374BCF92E4E2C28B37D3D39FA2E55656773665A642266CD8E73BC437056CE398B234B593186B29C66A7459CEE9B963687A0CEE02E0B38E772A7BDB7CE3BD561B4589049DE53F94665CCBBB8A7DA8FB3DA3BB605EAC9914D9C9BF7AB665536A69BD0B6B26D9389C05F7A6E0D0A60E027794DE5AEB62D1ADE1C02E47CB5EEB5B5B4BE9788F82B02053FC4B43E8FF55C8599DB53DBE50FC1565D6AE1D27AF4021F883DFF00A5A8762CC66C78ACC87DBBEE6FEE57253481FC6B5EFDC9EF6DA58134DCDA6398DB911A48ECBBE1918162EDFD69B821B28765D8F8F51EDBD7B017E7357E42FCC6AFC9FAAEF5F9417E42FCC72FCD6AF6BEABF257E6E4FC9FAAFCF7E4FC83FCE57E6AFCD62EFF00AAFC85F9ACF92EE0BDB62FCB0BBDCBDACBECFD17B257E65A2EE5DCBDA6AEF5EDB97E47D57E63D7B4DE6FB5A4F87CF278FCF6CF87CF9DFFC4002A100003000104020103040301010000000000011121103141516171812091F0A1B1D1F130C1E15040FFDA0008010100013F216331A6FE06E9BECE97461EA88DD96EBF713228B74D4333667AEC41D224D6FD9F5BAD0AAD482AE43EF522451DB5B96D86D72974666CCF5C1904BDE1AFE0675E974BA156E0CEACC0B568406E59E9F62437F8D363EAF4BA5D0E9CDA961595EE4419C1D4CD7B0F8DA386A315AB897C186AA7863893BB0F95C0BE076DCB4E2F1EDF45D5F4C1AD91631C8BF4DC743E91F23EBB4C6C78535F22D164993C19814B30A98B34B0A53286644DB45E7816C6C44A91C0527B8C98CCB1D28C9C4D1AD497712359160488B379462ED381D85509AF4C8C41E8B5BA2DE8DC19BAD584FB1BA14686F05C8A1B1A464C0E90F0C6464C92098DB21045C090F7D20C484421B691C257C88672F828CAFF00437E2152F76ECC954C0D72731FBE99F295F98668205561C1A3EFBEB67D34B16FF7E5473AF87FD8D1270D739D131B1F9D7FA16C9D9498795F46369242639F013A5FD2A6A2373DFEF887B12E63F7D12C7DB65B45CBDF917D52CB5FC2A1C9F30ECF7B34A9FF00DC2206FF0071A638C768DA5604EB47B496E54DE75C8345A9E70FBA0E55E1F742CDC84961B5CA37DA36AED29DF81D7C69D267E1CA15A8BCD5F828D7C98FCAF84E125121C86E23F7D288A2A8A8281412EB74AF4C598B70986506E1306D8D1E92970148358C193279E068C339160981A698DA62A61A9FF2146D51744F3A5D10B46883FA5098D60F7155ACE74A51312C8F564160586606B391689923FC82949B639D9DFB28B088886FF182EE1BF626E27AA5A12C8F288360FC8421F223C6F8ACC078A51C455A8DD5930ADF68FDB4730DFEDC87A8F97FDCD3137AF887E1E3A0755AF2B97E99AECE0E92D1DC8FA11300DBEE7C6C8CB69A671C5C49E040B55C1A4D198C3BD1CD37FB421927E42D17D7DA45A67C3DF917DD2CB57C2B192F32EC77DB47BCFE010EAAFCC5A2CE5576A6ADFB6DAC89EC2F8337E85995B1D5614D65DCD294B397DD4622F2FBAE9BC01BBF07EE37587B585BE135C0C14690ABD957FAF286A0EB3E23F61A26A8686A098CA35A64423655DB3FD8ED096E88F6D3420A18DCDC2211D8C5C98F508C41BA3A7051E056D4432EB6CC5D9346438C7B7D5929C1B170551973A2CEA9C25D1487079D1AD534A2DC899909C873B3FB8F64DBF82FFC8297086B9FC6075ABDFE8C06822EB45812BA378109AD0AEF293F915A6DBBB5D9605EE0485E3CCFDC7CDA688EC865ACDF7C10A85112E277DBFC0C254130576ABC703C4B559A646CDF6FA13144D6131557A7DAEC4E3A5E79925AF4298CD7DBEB44EB81A626AF4FB5D896352207CA66F3DDFCF02D2D02B57975B6FB62E4723F8362496C435958635794DE3A22A825B00A63C52B6EB1C86DEAEA349C9C31BFEF0799146DE59B3884841EFA222323D1D26A86B683311E0A317285551820F2C93299090E45A2362055C15B8A8C72216493320939172A499392196DAD3ECFEC621EAB483D131EC24353442471A23A325A32B4B0B75439DDC427BA7C64CFCB273F6E44F7C232EF19BC9950F6D0EEE47069A5D1B1106E19058221944F4FF4E3D0DDA4ABD0E5FB4230AFB5F9F654A07E6A6C60A49A3BFED84D5FE80D0F1DE95FF0388BDABFDCD1F967FB3F10FF0067E21FECFC83FD96FC0FD4FC03FD89DC5F9F65EA37E6A6DD1249A17FCD1FD08B3CE9A4ABD0E5FB023098F64FCFB29503F35367B024D0DDB7DB1FD68B49E9C55E872FD8118FCC7FD8B64FA621B23AE3C04BFE10B75F645F33E0259BE8884CFC8FFD8D54AEA5B3DD89B4AFD8DEBFD420FF00D41FFCF1FD48FEB87F5A38FF004C7F5E3FAF1FD107FF00087F5E3FAB1FD38FE9C7F4426AFE98557569B194F1C1E18EA588D8B60DD06EE05E82A5682A647D2257286C5BA226E84D728640A7927DC68F9167B91C218B746E2A8D9E251B7F7FF47F423FA51FD78FEB47F5E17FCD1FD48FEAC36FF18FE98247F085FF000C747DA0FF00E58FEB87F4E3FAF1FD78FE942FF9E3FAA097FC21B7F8C5FF00884BF8823FCB457657F28B2C357E43AE2F50ABD83FBC3FB83FB03FB83FE987FCE06E7FEC17FDE1A31FAC36FF0020A1FEE17FDE1BFF00907FF605FF00507FF70FEF0FEC05FCC8555FBC3B7FB8FEC86DFE6172FDC28FF60FFEE0D3FC87F61F5D2FD3C7F8E9747F4AD27D2C479FF0C33F5528B20DF051468E34C1064FA5B7ACD26A9943269EC92FF8213FC566EC8BDCF031B7479CA68BAA1E88704B47A53F75A310A107A26AB5831690A2B1B29D962A6F548FB25C5BAA5A69A9DE05378D8C3795C76226C931E1E598CBC2723AC07B8A109FD74BAC12A1F7F4ADB7E67FE5DB6DB2036424971A656F90AF04AF3B55BB2D8E3F3132F0DE354690B8ADC6DA7D1B2C4FA53D2FD0CBAD4F193911C8429C0CA210F46F5CE885BE9B918C89578E4CD20456E7567B89F8162D45E354694B8ADCE3BE8D9626AB4C9747A55DA1A791F41E087DE57D8FEB9A4FAD0254E89CE4FCB447EF8E85CEDD8A079342B9C6070F8718854EEDE0A32D227CC1E8E76C934D1764B3DF910C28344D268464625F451A36307AF1D7427117BB4DB11898CD32A54DC4EC69D98CBA8B76FA46015643F121E06A97FD464D8D86108885F526426899FAEFFE2DBF47EF8DC4E7A48EC9E7C1CBF50D62E7D7F92EB089E197274E1B0B6CB3649564E27B62CE9458736CDAD0C4069A71A7BA64110F5C54BD1BB74559B33E0C057275B27ECDCDDB515FB8AC147CED3A95E131EBB4EBD99544C9826AA69E345CD49BCDE34189D8C994CA2E87A6D96257FA1B9BB6A2BF7D1BCA3D12465608E3DBF43C968352EDFD2FB90FB48E115D0FB06CF77A635BA41CD2705EA6DB0BDC26E61DE0FB427706CD8ABC31351300E55AFD45E27845C264574E3A33421B5BB199322C8C2C8EE0AE7B62DBFD0889648BA7E199320816F34A97CA1C8D54D189A4FBA440D1BA29C034355332E0C790D4D6195B82AF224E4656E344E82E7DA685B5B86FC0BA5947D7C732AC286FC24D5BC5CBA363B7EC69B3CE8AE71B16B77B35C58BE591B351AD08D3DF26B232D2F6FAA7D14BA2733AA8FE89A07FE39A04100130AD74C7297943FB0CEA7A10A5A5537867B2DA2A914AA946FC8AE63CB70615F305C2D882E2A2F44DF5F46062D5EB759574FD87AB1A9A7E518BF37E87E3FE21FE4BFD1F9BF88FC3FC47E1FE2360FF003FA13557E7F420CFE3F46F9249FD02C14E0DAAFF00421ABFE1188EBEC8694788357FC23CAFB22728A52B4B6388F3C090D395E92261081AC93793B522D6A56BDE534F8DDA97D3755EE25CED984A7620B8A8BD137D69AC134F8DA24FD51232A92886DAC1637A37C3712364CF133CC12364CF133C812B64CF033CE1278678D9E5097C06F5642D965E9095C0B057D62883D95E10E8C2F6D9CDC36E1BF067CE71E6E12F0D7226B5DC145E4B9E9D0B6BA144B04AAB3BD58F0256BA94B5DA3DE89618F05A5511A3F4C06DDD8F38F031EE98F20F0B1B7763C83C2C7BE621C8E41B7F82FF009AB2FD13FC6D7D493EA45D1FD0B4B5F4CC6C2E8C0821EE32FD099E82D96E10E23B4C4274374905AD8F2E24B7A3FECCFC6E3BF9EE63DCCBA4A966B3F1B8DFFD73F0B9CC4D25867238655F3131CC1F4F02738325B1BBA190D35769C61BC97478D2C6F1A0A5D6C1AB7A1AB156EC70412356A20412356AD04152DD682232E568223DD68A237648A888F7439708B07BA1CB84583DD0E1C22B29EE87045653DD6848DCA7BA17EC1FD8A3FB843FFB68FEC51FD8A3FB547F7A7F7285FF00551FDE23FB947F628FEE51FD8A1FFD547F728FEE50BFECA3FB947F7A85FF00650FFECA3FB147F628FEE50BFE8A1FFD145FF990D6E7EA217FDC435BFF006217FDD43E1FBE8FEF10BFEE23FBF47F6C87FF00450DBB03CA3FB543FF00AC8AFF002A3FB547F728FED51E7FBD1FDE9FDEA18FE547F628CDFEF47F6287FF00451FDCA3FB947F728FEC51FDEA1A8D3CEA6E853B54991FB42B2DC69C8A767923B723F2E840895FA07E4FED49FF0028BCFA66C617172B715E408D367BA0CEE6C54987F6C31FBF1F96F2F9207A2EEDF1C681F94A5CF314F02C26EEA2640F45DDBE38D43C7A7816137751314C6B49D27BFA47C610F9FA60C357B9F7BD17C89C83ED595E383D92A8739871CC3EEA04754B309EB060145FB787F6A36165F28F28F38F2E817E4365F2856BD9CDE46F4699E7B1CDEE30972F636C4CF272CD87299FB25A666533A4844547F96B06129F367AE0AEAD30DA11767613275CDAF22EB3750DACB560B76D876DFDA97885D66DEFFC8EEFE69FAD83EFEF5F94F9472CC4ED8DF6BA16592EBF9933D7FBBFACB61F758D3D9D150DB8E027775D9F85FE46CFCBFB93E36AF266EFE0CFB61ACE9B7C0D012EFF006BC315EAA83849783017D6A4A3DB39A19E704EFF0072D6E3529BC0EA7FB8E66D858851A5B8868487A5D2B2E9810423086D68C6B3A311533284CA38CA262499078186C4CE35C0A98D17B30D6BE1EB0843C48C4F03E486E128A927D84A8C0C0E9457629A410886CFCB92C6B07641429F4ABF270FD319009EE8E5EF106D2F5CF4483691A9946C528D5AD55C5B878BF1F81A536E17E5C0D7E9783C07AD6AAE2DC3F27F18D09B6E17E5B15C44F8B6734654877ACFEE2F161F0356FF007272F3F7C41AAF94BCF428D1E2F1C07CADCDE412ADA76F8D82C91CBF6BD4766D35B09470D12A6DBA2A22BDBF71BF2E615269E388624D123658B263FB5AE5EBD8C742F5DE6B8496E4B2D8E747D1DC1D96CCBE74FD18F1347FA7E0DABE5E9FF7D16FD09E27FD46ADDBCB6B0BC34285C5C757C988597C1EB75F2886F5D7ED1BF7FBB3F912770B667FB42177317E123E34ED38F6935B78BC0FE8496CE755666E4CD6F4A9B8D588BEF864D2D9812D7F34B4D9549E9D95449751FD1BE85FA66A8473A606AF026C4F1F414C14A27A6C2707E04D68A3452A8634DF91A69E910D0E84D3D5AFA1220D0B48226FCF3E82DA13C90B721B26488948C8F725367E5C9C5F9312489149BA492FF411AF37BFE62BD955194D70C75D539F7D4736F4E654DF27E15159D5307C1643C163F539B7A732A6F913BFE1FC1B4AA91F059055AF84DDA9FDE29465B84D08AD7162CA18DA6A2A715866018DDB1FDC379ACD34CB6DF0D153CE4FBADC4971968A63694AE0FD6FF713CE4FDC8D3C93D1793711A79263C2A39BC22FBB338264B8C419F389243A24D61FEC9B1B91C63771332B29F2B6CEF81CD9535FE1B9504AA5E6F7285E5B3125B8FF00192109CAAFFB47C5BEF894831555DCB1FB61A12781FCCC64DDBFD43A557296522B8E558D7C966DD5CE983569EF9775236CFEAA2A60F155CD99E061523BDBE22F90ABF2B74B77C487FCE2129AE8548D144AF80D46D14568A257B20AD7A03FA2E8DEB822D36D099122A2AE868B54210948F446E350A4A49A63E8C8C6FAB067820932F06352161865511830311DB2C7BE0481B84A33063DA969E435B260C511B3F2E74C8B189BD6C0FF0063DAE1F3F0C85EAB9D7A78162C6DBEDDF2D914515D77C4C721ABBE36553F3FFC9F8BFE44AE5A977CEC1C86AEF8D954FC5FF27E0FF917AB34BBE761673631E4A55E76AD7CE44E244E466E97FB62A6EFB237B860E9391FF943F8236AE7DD156ECD7BBE7EED93F115D56DA25D1589F672A61B1FA9FEE24B469FF61A18EE47B315534204EE4FD318C57FD0633577C31FA0C74DDB7C67BA62BAB264BE5788E61912E7D076E3DB80F19E2BB9BAE445B63D22FD15326E96095D9491FBB1329F0DE3C5F23B36A56CB576DC8DC594AF2D9CFA632693C7F115764A94AE4C35979297663FF9ACC0BBE289BF4E85A700989172DFFD9F8DE665ABCD3648B425783106498FF14B44E939F926627EB864C37C322627E8D17E94D9C8D6A84F49A2B83C303B0A27D190D08C31E886A64C160CA5626C86C5D1B614A3D28896FAD1E89F1A27A10F4F0969F92E06DB218C4CBD1CE04B59426A6442FE1ECA9354F2B318BFCFED72294FC829FE8C976B58FDFECC24B7E4E2E0D3F89FA9F947FB1AFF0083F90D2C38ACDDA5767A133F23F51AFF0003F53F24FF0066CADB0159579133E7313FD8239EED1FEF2832F92BF8E879098E4F0E19F626349D7BADFB884EB9C7EC16966D3B8D0A6D198A31367EBFFB9B27BC5B0534F1449B14D3C52B63755BA6280FCB7D21BB7719CFED83F3BD3F20D65A05C9C56BC083752BFC232249815559FE5628880EA092966EC6D5E2738A76573A35DD344EE902FB0978F2744FF36BDC9793BD3CDC744FE245FD7630514447E07E47DBED4DB373237BADEFF2E4FC03FD8C9F59E0E6CF931720657572E16459A0F8ED3628FD4C627E6FCF02243B307154A68F70A9E2E9B82A25713F461AFA54295F422BD14F41F42EAB44F4DDA4F3A2090D6046B484D1385D1E49A29A60C18B239C953C11A18A51350A63B2C296983E5FEE8AB28497A098367A12D0D514FC9F27B8BA33FF0021F7BFEC41FEA3F121B91FEC7F11123FD43733FB163F68485FB436247FB0E0F3FB0A88BF48A79DD1E5FD84167ED119BF60F27EC66BBDD09326BF40FE98469F6B4098F2208422B7989E727EE469E49E8BC8234F24C6E2A2B26E305DA98F56F7B4446A5F10C0CDA3692BD85309E86066D13A25EC692A1794299252781B593D8C39AAE4B6A3449ADCB08612AF82D06D4DF3DE52BC7D81E97E985ADC62A4558CDF8282E869B0E76AA9B14A2535D0B0B4512BE0351B4515A1B12BD9059E80C7E84910836D22E86A7D09956AA6CC97CEA9B9B1441B30445664CE9863505346882123C1B8D19D2E9C09C625124C8D7267865F035918B45A4D179BB929DAC90904A8BB166A64CA511B34C64E020BE834FF00DCFC767E3B3F0D8A3FCE7E7B3F058D2FF945FDC9F8ACFC3630F26E73FE1AD7B799C4FD6FFC3453A1B30F444BB686ADF6B791D45CE39B1543AFA1D41BFD088A1D7D0CAD1BFD48AA1ECF43313790B6FA16EA7A1C526E217DB3C611EC36C6192FB6292FD91A46D8E28DB702C66F3B46C38C7D05546F3B17218FA0AA8DA721A1DB7D08A1BC4D5E35E0550DC07338E3E0550D5CCD968B469158C2CE8C944BEA36B5A65298631C10DB47E568B3A328637A410699E3468AFE84D94BE344469173A31FD088869090E43B2C3D3CA360918FDD0AE5333484C51A7A90CDBD859E51441A8EA1A64B4D8129B2583B45BB04C68D0DB45A8A8A5D110D1C895638265731C87E2485FD54343FE28737FD08E9FD288EFF00A109FF00F28FC0919BF8A31DFDA85FD74642FD88B4DD778FD4FDA014662BF4964D97E110BFAE87FD547E748FCE91F9D2133FE51F8923F3A47E348FCA91F852184EFE847E2487C3FA11F81229FF00089AFE08FCA91F9D23F1A42B7F147E44887808C3DD684884C835A3F7F4D1365A3F5A28C622B28A74A16E887C89A1C08E5CE98258C168832090E3583DE8917B19191B7AA32361E606428313653FD0C8D9B089D0754A8C704A2B581EE35460682DCE0C8DE9E4C0EEE30B7BD3ED830E0CF24529444268430C906B9311D0546D68889EA34EE44B06DA0576A3826897B1FD0C4F084E9F8E8A5973F2DD1C1FF461F24C929E0464342219108A852A1A463A1A4F91217596E89B30C550855A3548675484392A154444D372108228B59246118D1A69588C5A2F6210C94948D17547F4AD131ABCFB0FC163124EA390B9D31A36E191B1B23C898968DCDB463725E4703BF6897EE6F06A1BAD0D0B425A233028C7B1048C18D1322656CD84B2379CE86EA2B42C0D1EA8413586644A971CFC0F0716B86EA11D775D3FD8F4BB947BE9CE344A0DA09287260C64E0989A147A509931B93429FD0E10B0C31E34A5BA36122313168E95A37D1E8D191181692E06C4D152CD44239D122744A3826746C65926B868CA7A2732620E67BC3ABE46B34512234E8B0465B31D6DD3ED68D193034416E31B905830EFA8F973E9A46062C31E88F8D11995A6463CA1211226484432F4B26ED991190DADD164EE788953037AB57285B9B3BE3E479FEB70C5827DFF00D0B2895A098DE450B989952DC6D68689D0B6365A21B87B09C9BF6E5CE04DBCFC23FB51311531A71A20CDA32E944D0A113279218D4DB5419596EB4A52968665177A382747B690DB413EC5A215A130DD4370510D68C9ACD76D18C71FA82D0CB04E09FDC6AE18FA33C0B61E4616F044103DE88CB3063E14B717FB3226D1E887ECA5C91087962C898688279838F4EC39042A7A105C1703606A2308CD647421684151EB725E5B10ED3E1EFF0002494B6BF029A5B11BA65A2CE8991066B374631F6D87983AF1FC0956D587B1A8DBBD9FF044D2486D46ACF21714CF07F61A3105A2145C07A5D11815DC0A3DCDB61BA60468A3D29B908FE9A5A39F4A21858D1762DD86EE44282435C8C392AC6B74B083720CC184EED76E393710B34DE1A26B9A4A5DC2F220AF346CC21268B621BAF638C09F636250E8BEE30CA0F71934A65E895B946591D20C47C904F22D848690C4BC994F46DC1944636063C0A5221494AC34A1850F64A76E46761365F65CECAB86C67D8B26F29CA5D023CCF8C2269322B37A3DC2B8CEE4D8D320DDF998FD47D17EA639E47D8B302D0F445A2745131FAD221E355A14611930FA14B46DA2372689A412112581654645DE8D94A516E24347035A64DC92E8F2B45A53E4C06E8B46B4D94923F91AE37637C183F624AB431095157265839169CDD1343894325B09555310D3A2118DAE1ABF72A690591A10B4D85942791F3A5B38C9EC25A3C94F81EC65151C89A35552A5A4BC9883C1049917306F10A208490DFA1BF9BF27E028CE3D4CF020D2CD9C216FFC60B488FDE7F71EDBAF8C9BA9376359258446C09DDDCC215D11B104CA67550685766476418D10A2BAD4CA367D08A3C8882363928834D15974CA2E90828F427A3782EB5959B995F54362992108A2C270E7912C21C548527916D09120E16920F4AA64AA0F4C0AA0D5184B239DF13ED83847EE3EE3F236767AD18922F48BDAF9F279D5D7D02442A9E0CB235A4640D94D82621B76444B8D180BD0E0D9589771A9932C6585C1505ECB15545137A31794F04F58D78131E6F392124942F02DA64654EBB5E88221BA30CC515233A444135751432D302637E09A1A268D1082504F5452B176423531C302175441E89A11F413D5ED0A181A11053A1EE2550C4D10D32674F7BC315502CA1D053B9C08522B934C8D634F023035D6E24FE45E4688A1E7E4681D099B070C5028EAC09C1E3F70CCF0563F630B25C438DC793E44EA83423236D31511A342441A7AB037829B8F96910D968F4D2A4DAE94D7EC3C9B6C27A37326DA2DCC459379235A420C6C5360D31AD50DC83EB46F8D3052E92F23504313661A1A4265452D20B527A32FD774F5A3C0F44F4DB46F4687A9D004EC70F31DA1CB48E68C4B4DB41898D48CC371A9A517C9BEE34E9ECF6225B107058E08642DBA2B0327C90533F24349EC299EF4569B32B8D0D33CB425A3D89E4C04D2E4ABB10F913D1099209181966C4161527A2AA4CE0C161B870B4C8CC9C85A1C1220DB4643234D4C706B566B45657A4269969CA299EC412303D2E3627D192135822134625A1E345450D2649A26362BD209C25E44E0AC38B07CFF00D1E9345414B30DA3C91A3089A73B16D0D931648F6588D0BC908909C090A25482B427A20966D8FE05D8DFA28241A1B8860232260434B7BA4BA36C694A210D9A7A151C8F6C0F4A6EC87BADB14B93E6C7EE3E167C06DCC9A6B7F9465515223A11C9293A12C0968423C8D94A4A4123224D0C35AA109A342D675A32B46E462D1A6F48228F73E49E7E85A34E0865694D887C150869693544F446CC6D5C2BEF9D2624CD7E71FC8E908C79F9670CB843EC89DC34443C1347C8D3EC6C3010B7D08446E6EA63B33CEE6EAE1883132044D8CF41531E054D68E1FBC423B1C1831AAF453294BA258299091C2D085391F0182941222F62D8672723373EA5B8AB83FD9B80789FA18C032C8854AD37BA199279110B78CD85A4755464412684A34B823219295C17643C6C52CCB127A64A384D294A5D1AA3504CC0D6929668B44B46DA4D15376C7A92F4651374C3434219B1B6E25B92AFE0742D11D7697F24D893F2EFF03C91F45FC8E63577570269B228328FD43921E28CE5A1EF86251B1386DD86C123C8A69921298126E639791A9C8ACBE34E44D22479160AEE9B6C79A107E21089A1E0C152991E458195688AAE844AB4B8D4CB0344220E32DE7442D0B736D1164F22A6CE06AF25C5E497A61BE17C17FE97FC1C86BA6DFF0002BFA06C9893A60965744B5F41D95A210DB44E0935826369EC7915191B302B65D1FD395A2689A10922686068CC0841E0C0D946217C99E8AD168C5289ADD5C8BB77A2FE449E74F2E7F238117CA5FC8F7EA9D63F61C3ACBE4C0F2D1131A428865C8831BF41B751B8E4428D24DE46868A09413A5E0E97E927629EC7B15193962D1A1E05A1D34A081C431EB46605E195A24B46E145A266E1B506242439129C0E90BA3DF733D9711CE886C3E470C62D876B9B1739335B0D9AD3ADBFD95A9B93FCEC4BB8EE17FB3004BBDC6D969956D5FB95B2B1A210CE8B57A4F3A70131E44E18630994C9745A35CE8986E898F6D73A2A63A8C92920F58388DB712E46C237C26FF631E7BF38388179C8EF0A7C24B02E580DABA657028F0C73C112393DC5BC922ECB24C8D636D7686AE8A581AD9A122A412618EAC183C0999E863593769932989E08C341BE613273B8A4DCF011E05813A8E91545625A1A6BF913E5A11C66BB30D6E26910C9A24EE89346B5606742934C27BE8A2DCE46E9132154861A6CBF71F90269E43597F60DBD31D597B5E0FD5170F63FCFFE06B7E7FB0E67FA1CFD88E9458F81BE8A5E07C68CA5D16142C90CA28D0BC9F240F45746B5460AC6460D8898D413D7760A3304EB3C84447A602309AA9E1A175767FA1B6532C6D8DF92761313A8F22CC0CC4E065104D0DFD8D18B61C746D12C8B069A1D308443568BC8F4A86A436321A68898925820E4832F1A4C90B922740855124359C1932292DDD8EF0C8CA43EBC746D1BF451E0D8583116F946360D1216489699189F7A477A5A1AA11B8833B06B5D0BB0A4F6F816DE4573560515A133B8E92A323084A969EF9D27D0C6484D9AA8582EA9F4A627A3421A23D122692926B7B30F4C21511B0C6051B4AE9189330B1A3C99D448C2FC3D19BF3F4391209D60CF4266032DC5847C0B7DC6C35F030131CDBE067B44D855CE8BC0D844124A382DB4C6E34254739A3C427260375A156C424307912B2DA327969B3C9DF45DA704FC97D9B634BD0CFB8E7640EC416D6162C8D8894C3E475C9B319150DFD139D1A18A5B3E36187836D87A61FC98D5C332DBFA32FE4A70CCF6009223DBC211F9F1C64F588505A321347A2616079D84E10606A9945D0FC191EACB0AF44323D0DF6D51866DA529515313CEAAB28651FC9BCA34134543604B25832189A741B8D5182A1513174768EE8B084498E4D412AA1B20A67A22208273D0E98B4604A22744F262AEC872256868B03704C5A0A066C45108139B8F90D3085C6C35F7D13B90560E6A7046383FD0DC5982E20DA10D09091D0486C51B2E9079145B0D4AA1578131316DBE4B7FC959E957C7230481364BE0F66BC9BC53AFE0FCEC835A4D112A2C857664BE0C6890CE8C6AEB1A66C6E425368883428868830B028328CCFD135C479FF81589E83436208DC29A1D138C4DB5D185036D09D1AE03082672A2B6B7D157B1B8B7857488B0E085D188462682B344C0ADB7C0DD311E5693C7A118946BD910D21A8E761B70C1B09878F82CE0A5BA30D4A3C1BC7F72256B5446CE49D1743C1483C68F412C646BC1215BE837C8F7259B0839C96AEE333C6E346606A9B3920CBBEEF068898F3CE8D94C8BC34D0F8113D68A76618D41EE4141533E4CB213AD29B904E0F4835A3A147229D906B46D6898DC325F02D63082D208C8CE4471A5F0368C35D08499B0F2551285E8C8C0F91062FC318F060D9B09CE8B448711289726C5742C9D46EC99BD8F3C144D0F99919D9BD1A650D0B5913711A14BB9E2CA0BC0489E079483B3234F942D0AE04EC7960A19B53C8ACD81D99049150D896761607EF5A21645078B6D41DC4BBA1C83077426B2EA6325DDD0C1676257DC1D1C4A0DAD174A644E0D3812132981568A8EB284A923F0423EC9743C144C8D36908586E8791463D6A530CD8BB689BE0ECD1345858FDA3DE94AD09E45B6E462417A1781B8C3CB23698AA1330C95E05EC4AA1BFB0A28924A34E0EBC090D90DA9A362B3711B1B14AA24D40FD31A123142698DC4DB939328AE90F4349EE48F0CA20DD504F6A517956DAFD86EDBA609CD4DCA9A5649B4F9C111C8359533B97C0D0964582A790BB191B865C136E2FD464D61D443616E63A1E1228D55B0D1B908D89C4304F42C2782FA29B0CA7CB1B8B20B5E8F71E23F2186314E8A1577F4CFA3259C7D226317C0E6E26786992B2B1E7820D7D05AD46D997A52974C8705107B647188E7B974C691B4F0D09898BD0CE060C421B3582107A2AEC69B82CC430D08D834462283E029E8C97866D8D2DA16702E612D9132D119C1C4D0EDE0AB81352EAFEE6E3A36244D3DCC1212626C3116E18B4AF18F644F63D38911CB8EC757BB4CF63BA99839C326D6FB86F85D090C06E2DB42B01ADC8CD6474C839AA709F424AE06B93212726464361B21C306668E7036348618FEC6A1B81E7C12215C8F086F5E5144D7614634D16469EB3241854494A64DC83C14DC635A61FD22E8AF484147A13AD49DB122E58FE95FACFEC50ACEEE3F91743A31918DDB76AC4841445CC31826FB2C6113A3884FC9796E38332B43B3037A09091A334DD8B23156528163435E049AD4364FC89F622F2216CB1A146CF5A21A264F0756347636D0C0D6E3930F066F052695B9813ECB377F41F23776465312A3FE81E03374FB8E2D183C0C426DEE34604E6BC8864352088831FA1381DB92A323303C694B48647A314C174C1827D0D968BA2D21084D16A881E9E6E49BBFD0A093A3A6598EBCE7F8134AF8C7EC253ACBDCC06A603A627D09763EC2DD0E04931262F24F3A1C1430F0C7982842113DF4A6D0DE86180B6DB431D0A836D6E317230FB9A134911D1B1E05AC196F49A7615624862CA2B913E859D1F5C0864E0C5929BE4A4511505EA8DE7617F44B5910496E16F627BB6123B69FC0B8920FEE23975A13EC641348DCA379C686B44B8834B41061635D21C14781D07A6D35AA9252DB4D7A42691A33A64AD2D7E95926AF48219C71E5C1761BC12FE4761E86DFFA382E3220E4AC6D5D1E461742D190B027C083A4F02E744DB1D5B8B71EDB8A08C8C0F4835745B03C1E01F80C59DC687082B5C0B3C899BF3A2A09C96146E1E8263188C7A10795B1537428DE10C8841224C89B5C8F02382C79708D993D11BB94CE083C886C1D62558F28C3344A83BC5832DC69B26B9494FB13237C2361674DD8B04C09233A2869B8EFA990941A4F816EC68C893E18C57D89A1BA1C134BAA12441E93441268C4E186418910F9D16890857A126AB1F9813D18F037041346191791EF8155BE84CE68C845A444181A6C69AE454798C1ACE0F413EC4C50B652234E8AE81A748873827962E88A6E2A32573A113D0435E47D9B95BC1935E4E4D8D8E144D2247C87106F0D1B93148BDC6A1C94F47236F54690F0B9A5C10267DD1AD9C326DB1E0743C59444F3094E144432424335B9B689543C0B4AD109A5BA2AE8D881793345F47CEA4CA675824436D158F5BA51E8910841A28882A675ED123C70CB3727A1B4D685473C331B22BA275A41996E2690D8EA626282579381CE44610B9284223DC48790A5B15D921396DCC0D6771C37D8546E32363B4C4EBA8C020EFC213D2C791D43210FC068D9D30F913A41C113B0F850BB73C0B90EA63F225E068A377B1D0E9B295C887BD0E7C0E39C0DB24E98B638614FE00CDBACDB7420D38303B8990F7122A63A113448645A5F251C5C173A4F3A3263AD6533F4567C91189B8A0E1531A33A35E48C5A1345D21B0946FA325D31F747BE0CF42836382CC83D06DF43627D8D743B1B1E74C85A2BEC54DA3C9B3D1EDA39BF25ED0B2371A10498840E045CA2A1692D14B4423225A1A7D43B06D34D84DE497847A16158C61CE507C0A99FA1E5953A0F682B60E1372443C1982A6313FC8B2B23F0114B92398A936A7304D3084D1631E57427A9FC15703BB8F06E2591E326E2C04C49C99640F4C89C09420906369BDCF13267463BD3E0E0A2698D26B9D139A6A1CD611A43E4C11160A32694316EDC3F79D30644C1B86F25A362C3182613A55B11B71A6982C66EE8F813F037034369098AB1368DD4E32853A3DB46A8E9BEEC5818C91BC8B815A288A9EC37E0629C0DDD8DCC3E468786381EC5ED1141ED2F90FC378126483314581AA1BD37C8DE69E992A08246051AA13487961997C898F62838285391A703CA4E18B6BFD9A1A621A7064543058D89CB2CE06A21CF214585A2283DFF00D889753E56517C88602520BD99E05833D8F5BABC69345083D8C89B2CC4168CCC1A4B91FB2886DE86E9851EDFBA132886B0CA3C881E0D08487B158A8D0D3629C9466F8D184CF814884486DC0EA267449F263B1FAD0DC64859746D0F10C224219B154F233A342E34432DA32722CE421DC986941B87B10E198D3A4C89A5AE8430B731A4C0F4CE060CD912592C19D7BD0D1F23483D169315A60325DF4242A78EC6ABC121811C6462B1AFB890964F821642D397C1BEC2FB8D9215958C9081282BCB236CCC0690D0934A5D725106C451B196649A3F2D30981B2E9D94D63DACE88B942486E9886DA651BC0D2E0CF71A0F793298A8B1A19D8C857A3059474A2243CE050ACB619F02C877A268C6381242684D3C11B1C905EFE041F9D148DC69DC3B6298D9CCF464EB63448430A99981B0F19BA11F830DCD2A1B2A6B461C996E21E271A2E45D8CD512684A2AFD8DC14098EC2D0FE4AB84233D87FF00E85AEF9E8A9BF220A170F24FB0938F933C95232FC10983646C1632CA4F822E9992BD1532E44E8D3A24BBD15764F23FA132E934A889947B1599284E906B48D6AA1054FC278F4F284C4D2DD0D383D09D8D8BD998310DCEB1A7D1427D9303463917D9AC321B9D0F0851E83D11DA3C0B391B08AB8E46F2409198306E21780AB81C7FA19FF706A688F812CC620E919199B074D84DAD85D850DD93C084E2370DFC886951E1EC5C651E21BC8B6213260B72094DEC71A18562A1A367A0943DCC63269C7D9B7A7D8968B7D15F43C8F185920BFB1BE0E04BE08A384F9F0366774BE998294F426BA150FEA4127AB61791F8D1F2320F49A25A3445D1F0463FD06DF020EC3226A15703198E85C84D7450821BB226859A6E6635E46B03509F7D06465F0795D2F025A761FEA64316E79434CB706D732C871B0DB6EC6C4886C2E02DC4C9468C864218D091B3034C5C1E0CA67309D1BC8DE4B39129B858999974991C24F8E44140C984251E8E8B529633A0DCC03562DFD8416AD78174CA36E8B39DB4A703C73A73FEC6CCA2BCE07DCC88F8D1688C182B44);
INSERT INTO `announcement` VALUES (11, 'd', 'd', 0xFFD8FFE000104A46494600010101004800480000FFDB00430006040506050406060506070706080A100A0A09090A140E0F0C1017141818171416161A1D251F1A1B231C1616202C20232627292A29191F2D302D283025282928FFDB0043010707070A080A130A0A13281A161A2828282828282828282828282828282828282828282828282828282828282828282828282828282828282828282828282828FFC2001108019C02DF03012200021101031101FFC4001C0000020301010101000000000000000000010300020405060708FFC4001501010100000000000000000000000000000001FFDA000C03010002100310000001FA002032424528D4DE474C71AD8864043010C2030108043010C0490824249090408909212484861043000C0420108203012404200082035272756416C441B5A02C2A424B08C9600642BE57D2F00F2BC8DB80B4162961602EF4018435040C1A898ECA2F6AD8FBD0B42AA6652991342CE4673D0747C9F60EB43010C04301082030124049000A070E0B8E8723CF5CF7B17708903696012410C2B2C010C00B02A2C010C003000C2A2C0112D0717ADE74BC530B0ADCB5C388D8C2B6B54B67D78CE1F89FA17CF8E7C97292C026C05D2C002D425C6B2656E601160984FBF61D7E70D585351F9EB41974119DDF3FE90EC14B890C0490108203012400B50C7E37D1F872D9450B68C943D57B6F98F68F6A736C05C10C90924203012400208080490124202094B839BA1D439DC96A8B5A588E8E234B0171E74EDF0B89B0F674F1DA4EC7CBBD179D295352D6A5CAD6F40035002D2F7B64290105C5CA5EB63EA6A940565092025A119E9FCC7A41FA715CDC731344441F1372F212A612B0F08E179ED78C5CBD4555805F430FB93BBBBE5DEC8EF916019010C0490124002012024109040890943047375F20A4B00B8DCB32CC258F9C3BFE47958466BC36136D180A65BA886B60C624221172CC15A155199CC292B70DAAC29284FA7ACC2A2D0A9840491DDAE177C75A971974B43242110BB104D273728E7F0AF9842ED42B53002CE3ABEF3E71ECCD37DD0B19092424809202020008008022420802442661CB145F433BECC2ADB5C9784C9E43D0F9239C73B0B9583A3CE984AD658170C2AB842184A66B02972D2A9D20CC2CB1B0803403E992E05CB1286C4A4BC19DEE774436AC2ED4E8213002EB1138FCF3A3CBA6633A85014B54966B8CF676537757CD93BF9F97A8F59E8FC67A13A616C2020824048095B54008203010806538CA0B340A6028E8C25840F9EEC7963CEE462C0C45865564A67B005C5C22EA29A137177B58A0882E4B80ABA8CD2FA0CD7152020FACD1F4146F0A064292EE3A2D9604352CE4DCD565B44727ABE44CE2961795D9C5518D1642C8CAC2A6F0559805FA3E2FAA35F750F29720108049000800B5410C2B0A072A24CF18455ED5177612953CF351C9435E19CF3CF723B5CA334BD015B545DA5CA9B10E6D6A20BA46A9905D3450A32DB0CF6EEF38E61EAF0C4D1AA2C250FB1D5E04478135754A3D7B0DF56C1547D45D811965710CD8482819945C6ACB626501A2E918996218D2AD5F78CC7B3B0DFA0120209530120042000C2434056F0A2DD0CE1E04D5F42B31A85A0A82B8B391C8EBF10CEECC02A62C15BD4AB0308C80CB6AB026972B7A82BD5D4C005623D173BABE48663E960315ECD309D373EBA5844D34D4CF57012CB54EA3A50233EA13305C9E735652A2E0529CB1497C116BDC5A34111773455345057B7F25D13D73A4249080C0020024254ACB05C2F05C968402E051B505F35D8C50BAC5A6EB299B428E2627F28E873DA92C965035B34A8DD511935662AC10160E13AD84CAF4E91D7C3E84C3C6E9734D5CED79C75742082ED3EAB7B92B46D0CF6B5859BB4D72112A3C81DCF5028B64175650556F71147A8A1682A1F0A58BC453624A76797EA0EB03006420209535001422CC0585C36ADC24124340636E5119B4A85677205D2F0565E824E061ED720E755B404B128CBF5C47274A44D1D50063C6E3EB6416AE973C46DDBD431EEDC93CA29D04313B0551C08A7ACFAC824A824ADF95D613AE02279F9C6636ACA51B52A6F04D1FA0CD99F515469132F0A58B0168F12DD3CE07BBF1DDD3A6CE3744D12420800BB0282F058BC012486125AAA1B88D428728CE8D198529F415664177660387C9D79048BDCA0792F5A30CF2C4CC1BAC1A30587BB0ED352767AA114D9CF33F23664396224D5A984CDCEBB84B2AC3EA7E6D1E10FAAEDF9AFA93B2C007202CCF468151D5101D0559D0AE7601234693223567111905DD9A84BDD905234AC5E94387773CF748EF8160030A8B8292F404F11D13D3C300612897D44DEC4465DCB39E37E633D2D42AA7F1CC9CCD5639A1C047410D34F3F76416A7A8CF19D133E6D29145DD330F5BB3B8438411C976439CB5A45AB56E2A55D017CAED728C97603E8B9FA34073AE93C7FB310F33E9FCCF68E886584875455ACE1087D055DB622F66732AB52CCED6DC7D52A2A09282D0A5E345694E93B7A31EC203002C01E2FDAFCCCF9FDAAA3DEFD1BF3E778FB94F044F775F95FD20D74B8298F4505A372CC8BE9E2135B693CE72BDA79339CB742865814B1155D1B4A9DFCD315CBCDBE91291ECC9B00B3C22A97F14D2654D1CDD0C2BA9B8848E8839AF6DCF69CEE9641B31F44C636ACB0AA8F9AFBCF11D23DC86915568105ED16CBC139B45040BC141E442DA058693387D8CF5658668CEE3A5AF2EA0C9000D0BFCEFDFF8F3E4F6FAB7CF0E3D920E868E7683D7B7C57B43D1757C5768F5D6E376449092996B531D958CDFC162C5D5B05C7814CB30A3B5E5169DCC397DCBE83173676CD494F380804DFCADCC39B4DD056B6A4E6EBB758464DBCF10C641DB33F4C5EBE06B3BA650CFE27A3F2B3DE7A1F967D40F45A7E75F422C6F0A920AD2D4056F612EB812AD0B11575448758A59AA2B7558B39B707430EA1B0402EC0F39D3CE937791DB73E5B93DBE538FD1EE93CFFA3F58A3ACEB50297611B97964C95E9F344D2F0CA34033DDB71234B4CAED17121FA8531D90D1CAB672FD0AE12985F04E9BEE0DAC90A9BA0C0FE9B0CF86D9C5174145D0AF9EE250FA7F934F3CF5BE8FE35DE3D17CBFEABF3739FB35B8F4DECBE3FD83E9AFF947B33D1590E0D6C4A1B42B0D85D1CA135D00432F42946D8C8352C1BF1B8D8DA5C20D490F2CE4B781A088B708D188E63EBB9B2F58BE920AD6D43073DA912BD34134D10CA3620CF1F04DDDB4C97DE9308D8D2B662CCD83628C7D10F13CFD0933B98D25ED0A5AF735DB2507E5805CD10416C145B0F8A74B9F0D9A31768E2E9D998F7DABCA7BF39DCAF65C73A3E5FD6C3E63DEE4748FA0C0486424201C8EC804B1172C454B80164294D10CF66D4BB52D2F000FCFDDF383D84C5635F19B8CE5F5F0EC3D0FD33E47A4FA7338EA3B34E1D4E8CE250EDD18C3337413167E8E6321D6D2B60481AC11761148D60C89D8814A6833D74014EBE832375D4A20428196395D374121C0CF768162F0F89DE345E7EA54F67E1AFACC3E87C9FBC3DE5F3F9B3D566F9B24DCCE4623E91EB3E2DDC3E9E50D2D01083032421C1B0648412C0864256E01710B090F9FFCAFF49FC68F39AF9CB3429BD9397BB2ACDF7EEF04D1BF9780EBEEED7A62FE2BE8D73E7DEEF9DA0D346413180A51EB2AD960424009056EA16B754451D5285CE16DB116BD0B314D36333595282F0A0B54153500953E2214C1D9CD0EBD795B8C9EA7CC693EB37F997A33897E979836FA7F15ECCE563ECA4F6FDCF8FF00AD3D941609A92F042D042D2A4B1A12F2A48A34340905B57739FF001EFAC7C4CC96A03D4731EE2FC72E357D73E4FED0F658B6EC290C065D40AD08005B030420B4204DC640486A494B02B5B8296BD810C256D0ACB12A194175BD0AD654950A2D5A02EB953E1F6A82E202C6A0D0735CD0D558A2CD0B7B9F0DE8CF77DEF1DEA8D3E1BDB5CE17A2F35DC34D964615119164E17A1A41886603A9164364DC6554C2ADA673CF7CC7E85E0CE1E9C9BC3DAE26B1D936F28EB6DF3963D8FD17E1DEB0FAA8F17D13BD6292F4B02B242B600310C33E896319B03644DCB0A90904B404A32B704300600D4816ABA4286601686C3368524E81E6E93E3624211A4CDA54A18290D7D7E138D58A5C55924EC7D0FE4BDC3EBD3E7FC43EBDCBF9AFAE3A1DEE07803EC87E4BF541853079C90D9C2EC720EF4F39D73622034DB3DC778DEA34EA7C1FEE3F0E33B5BA424BCCEAD4839BE97CE7D0CF295FAAF863C653DC2CD83DF34F35D2EB6308D3524152C2A0615118290BD6941B6CF71E54475D762D002C28A34C441ABAE31EA5D06A6724E9239163A59F35CBD9143E5B0106DC20D59EA492760E3900674B944650823930F42FCFC9320B543200FA6F3173EDBA3CB50F509F21D43D4AF17993A9E87C07BE1D5E783A929C707A145CE7FC9FEC1F1D1B9F512C9D1508CD4265E803BDF42F8A77CFA3F9DF45D2383DBB28D35CF72C554181106C481E3391F1551ABE7D8DD7C9636DD0A3A0CE3F48720E319332CDEBF1FE3CFABD7C5F60EE1C971F959E64E8579AC359A54175C3E6E200C90934672355062E42490B010EB2F9B73A030B8CE1C9207BCC2481FE87CF748F515720D37E4E332FACF1DEA4DDA100D6DE330F5D380D3BFF0030FA57963C7393ACCEC6C338D7A8E666E87A23C78DFE90F1FD8FA120AF47C3764BF4F8BD1352B330BA3230395984D7D5F2B63D5F079FC23A22D73B5D5F1DA8F59806336767CD653D466E730DFC5D1E14E04D594D7DEF2B73D4763E7AD3DCF133603A5D90A3AF9C2465B2C3C4820926833C90923C44909240C103010890D59841FD0C990F49E76903AF203D1777C16B3D8F947F24F61B3CA6C3DE72BC8621B8BA4B3B1EA7E65E9CF73AFCE768F257EADCF37EAB17A8380EF455393D2D00E5E3F435383D0D794A79EEF54F28DF4173CF8EEA0E1A7B8910F542FC9D59CE667E9110F10BAEC45F439BAC1DEF29C93E9A8F9D7AC1DE03E83D43E4D3E85C23CABD30D0736F0E9AC37D70653BE388A3B47CF54A820924249096AC249092424960072484424902242490BD4123F391F4A02410303C4CBACD0AA90FA5F32E3E8BBFC87A03D074FC7E83D33FCD38F434F3FA0EBE44BCCF97A0B110DC42599C5369947294E39A5A0A51D5125B613B326637339283B9C94E43AE3918C7EDCF946338743D45BCA83764AC24908E891CBA80C1085C920B004B562436A12D05C24AC301A11010C013095BD410C04307236E7152C20426AB0C05848121A846F3353BF8CE5F4EFDC1DD2F2DDC3B3A38BC33DADBE750FA3E7F01D03D7538D9CEBCF3D43BCCF11A8F5EAF3AE3A8DC9436B38EB3AB8F4744F363D0C3CAD7D0ACF347BDCD31D7654CB8B6F382A20DD928E110C043010C03D3010C04D2818A90FFC4002E1000020202010303040203010003010000010200030411120510211320311422304106321523402433425034FFDA0008010100010502F72B06FF00F56F6DB09B9B9BF789E799993455CEDA9AA84F23DD7D9F30B761F206CB1E0A67EBDA4C2F16CD156D8FFF0044FC3072A405137ED1041EC0C2675B4A4B9DB8433F53F5FAEC3E3B01069031D9EC3D849DD8EB0B133716F6514DC597FE3BED1557D2EFE4BFF61F32F7E4E4F6DF71D80F63D8951CFCD354C8716341F3DBF50F73D8403518EFB09FAEE0EE1B23B79057478EB716CE0716F6B9FF003DB625498B9BCECC9CEAEA39793EA1E9EEA18B007FE967D107C5A755CF93D841ED5D6E645AB54B716AB5F2FC3C1F1FBF92D0CFD7EA1F30445D4B1FDFEB0E5EAF1AC59A8F6729BEDCA7EBA78D2FE6C8B782E4DF63C470A77B9B95E99A8BF9E6FF00D0DF04126B5998F0C1D80804135DEFE5C29B12BCE0766C40F32AD5A2A63EA584C33F4B0433E499FA12B12C687BFEFB31D29784ECC3EDC6F14A9FCADBD5D65AE0FC3763DB12C15DF91D41EC38F6ADD5FF00CE4EA31E218F26F93008040201D88D8CDF5E9A6BBEFA9ECB2BAD68BD0E2A753095756B0BCF851DBF6DF1FA1F3DD44FD1F9F6AFCD8ECE4F63EDAC6D87C4569BFC9D4730DE4F73DEBE6463BD7E9FFCCC60132ADDCD788A3B0100EEEE1133ADFBC3F29EAEA96FEC3C9B1B9B31D982243FD8CF80608ABB823379F67E8F880F63EF4FEC3E26E033737373737EEBFA8223DEDEA59EE6A053D354813A7DEF655FF281326DE21443E481BEC04D403B753674B32B22DBC9F927C56372CA9D54F85F81DC7810FCFEC2EE6B539CDF66F03BB7886087F055E0D4DC93B0F76E6FBE7669B213E1BB1EE0133A5E32DD936562C9F454895E252BFF0035D6701E589F9D6CEA6A01DDECE2F9F70B2DDCF99F3394F59AC8DC5A1F98208DF0B1601B8CDC613D8763E4F64F25BE7CC51F844AC714FC5B99794C0B8D163EED6853916513148C5C65208046FF00E4B6CE30F99AD295D0020100F65D67A93A83E3BDBBEDFA0771A39DFB042773F4FA101F066A6BC99AF1AD463DBFFAC56D42E49FC150E56771ED33D54E4D756AD9195CA72E309F27D9A806D9BFB60846CAEA3CA557AFA08FA98F97687FF8ACB35D80D9F3DC0F6752F5F8FA8C21F9FDFC92766587D8237F5F92844D1D9804D807BBC6F951E49DB77D7E0C55F6083D8DB975BAB7CBCDC63E21EE8BB95A8766D57DBE209B89E661F3720642446E6BF9EC6EEA3C379EDA83BD8C6640B9D4F8EE0FDBDBE4F711BE47C7E961337E22FC886329DF1F21749F1EDD77D7B2A5E2BEC53DEC6E3322F1E9B19C8F178C61ECA84CD208CDB9B2B54D4D76130F15AE5A09A1E711BFCCE750F60BB8D009AECC7537370997D7EA8CEA854CDF10F627D827F5100F24FDCBDB5E00D410F81457CDAD5FBD2BE4F66876FD8F7EBB563EEF688A7B5EFE9D773FA8F0476860058901633EC9312B2D1BEE6027C987E478987956BC5296A7E6DEC9866A6BB6A6BB39E20B6CEE168CD2CC9F4CE5E47AEDCBCEFDBA9FA8C3C01E478586011A0F315772BC73658F5F14F4CC4415AD8799D686B737D8F6D4D4D77A86DE6BDA233696EB4BC3D98F8F99C7917608B044AE3341D84D4F88D89A881D2EAF47F31F851A866A6BB6A7EFB5AFCDA13372FC8747B6CE6D10D7A3AEE60EC06E7F584EE0F8683E4413458D58E0CF479CA5C7A8BF7CC97159D9B1586A19C66A6B5353535D8FC76C6FEFEE1334E9A19F11A6A17D423B20E31CEE7CF6D403B748A79DD6E2FA990943D67FE0D7B0887C47B63DA4AFC7630CBEB0ED753E9FB0F63D946A72970E262C33F40F6A52BA16BC952FCCD498BF75A080B69E6F8E3C3CD6E6BC11E35F6CD4D4D6C9F27B21E329FE9DCF6C9B3D3ACF768046804D4558D00DF65102EA19A982169C5AD788FC9BFC2C752C7E50C3E21EC7E6ED94B6C640B6A3462870CC07BEA22ECB9D9A4463B6EDFBDF6A87116B7275FB12D6DE374FABEDCC78FF00611F6D1F328A39971C4AAEE01F74D76D684D4D403654685AC5531DAC7863EF97ABF6D8C5E1EE443089AEE46E6A7087C4226A22ECD079E47E327F11961DC3DCF76200CC6579A9F30C3DFC44436AFA0A86E6DCD7B113631AAF59EF08D693C9AB5E4CEC726DD705B9FD335CB0FDB2BF861109826A6A6A376D42256BF74F9895AD62CB556596272B9744FB0C026A19AEC042201A0A26B675DBA657BBBF113F88C768DD8C30F7F47CB71F5F2B8EFD9A95AF26BBFD2A4924F7FDD5528ADDF99A0910F8512DDD74E0D5C638F197FDD078F0582025FC42A01DF89AF7210EA83BB5A0364D9CDBDA66A376D791D876F983C43FD78ED9B53A6271C6FC1BFC663B4687CC30C3EC7E50D6C58A010F93DD54B1A53D18FBDFE88F027EAA4676CBA6DAAAAB12EB2588043BE7838A6C82836BAAF9BCFDC57D6BFF00B451B81B43D2D2AFC7C0F93EDD46DA059CC6CDBB961FBCC3EDD6CEB80EDFA3F00771E3B004C602B08BCCA8E2AEC117DA7F213A8CDB8B0C318F63353500DC2BA992C7931DF7D4D4A9FD38CE5A34D4680415012BC935AAE4DC86A62D75AC9AA318DCFC004234B61E22DE52CFB41D00A878E3E33B3653AEFB2F63DF2B36BC475F2047F873E77DB50F7335342B07BEA6BB0EEA84C7D521A62FFF002E25FCDF39A50DCEBFCEC61F300D96F33E61EC66A6A6B701FBACC91CC9DB30EDA9A8566A6BCFEC4E2790D543CC314441E31E836CAD02298FE2390A6C73A5FB62F965C8F4D72EF3AAD0BB58817D9D47A9D78B30F25326B97D355E94A2535F3D46787BEBD81791F0B0F93AEC9547F27B0ED5AED83E99FF00B6A21D4ACF07772CF88DB5FCE66A011BC42611B9C750E84066CC7B0572C6711C187E78C54E4D484AAC386E2B5D411BE3F5A857D30576DFBD44498D8E5E2A0412C7E32FB7D254A362EB56379807DD5D2123816B3A70AAC4E2076CCE92D64B686A1FA7D59457A7366EA6E7CC3DB5DF535008C75DF512B0A2C6E64CD4D40BE52968DAAD5178C335E00EC263B6883B1EE24017FF0024C547E9FD6B1B31FD866BD9E0CF023F88DE029D8994ADCF655B2199CEA7E97C42771ED76AE18FE4EB6680147CB40B28C72F2BC6551FD476BECFBD13EDCA76675AF71D0C555C75D96340DC62A82C3C8EA010E4D0235B89630208CED9C6C0EA5725D63F0AE8EB7596475B566BBEA01B27BEA56BB971D9D686A6A22723B5AE3B903E0FEFB083E257E0D446BDDFCAAE29D3D6912DE2A3A1F53C936537AD83DBF30C6B02B18C2159A9A840D5957AB2C5605A1EC2187B7EAAC5252F1C148817EDC3A394501433F763E396CE53F19C7943F6CAFED8C4D8E89B3BE20ED9B5DAB4DC1E213B8D8F513ABAB8A6ABE2E354A30BA59A7271F14623F6D4D4D41F6869A80455E44CF02113511770B785FB434D763D97B11E40DCA3E3DDFCC5FEE5F12CDC1B514F53CCFA85FE442B7CAFE4340ABA7F52CA7C8C6C84BC4F8876470DCE33FF00B185BC6390F1982CF517865B9B2DFDEBD9A9C650804AEDE45FCB7ED47234A7A75B5CBC714F3AE161ABAE36933E5F943DAA4E46C2106B72AA791B5347426E30DC47296F6B69164A9CF2D4D4CECEC9AF23A6DC7230A6A6A19A817735A806837C6A6B6750C0BC899AEDA9AEC46BB686D17CA965F7FF0022ABD6C9BAB6A2DE5F6F1D4E0625A5063E40A169C5B3A94CAE9DFE3227534C7C9ABA8625D14AB08C37DAFD9ADD4D94A7FE57C9BD5E7A9C6AB3E7F5FAD4D4D4D454265A78AA0D2B0F3C3CE1D3C666DD29A9AC88A2B4B6D555161BACABC0A9371D1B9EBB255CA3FF00AD483B5595A6A5DF7311B8DE06F62FA45D5E2DACFDEDAC58B53F21956AD345F81C8740BFD2B66BB6A7180773E61EDFBE30FC1F6EB8C2098AB3504AD86BB9EC582AD9BEA37E5F4EC56AFA8E1D98F3CAA8306DA1A2C55ADD811D0CDD8C3A12FD5A74250BD385CAB1DBED76554C7B3699248AADAFD64F4FD207C9D79FDEA0135D946E30E0A136C3EE2956CA5037759E922A976A259CDE3A6E336E03E149338EE148B5CE5C41F315366BAB52E7EC26BCB60DD8870B3EBC87CCA5CCC7B93229ED77D87F907515D743CD4A666D98964C771655DB5EC3DF502EA6A1F6A8846FB01389DEB71041DCF6EB6FFEAC564F4DCECE6A9D5CC3D32A5474E466B170ADDA262A362A2AE4D34A52A001DBC2C7E32D02C565656D78E455EC62F35353535353538CAC7DEFE58AC5A740F880CC9F2F5CF51525D697EC04458A342130CE316926045AC596729FBD4D76AFA8FA5766E153988997760BFF00FC99D1982CEBB98F5D12B6E270F2EACB542E0D6DCEBF67E8F803CF6F8EFA9A9A9A8161EFB80F8D4E317B9ED92FFF00A2DF331B2199ED79928B659834A366D9D0C72CBE957D69878787E89C3519F37BECDF6B32FDD53717B886066A6A6A6A6A0138C55816720022CAD750C6FB8DB693146E01E9A5838AEA6A227955EC605DC4A77020119828B58B19AEFA970C7CEA312FCAC3BA8BF1FA8636629E9D5F4FEA7F52806A75FA91B1193738EA2D8C8F87938997786AF1D52EADC4D8DF623735AF66A1F67C76226BB0313C851EEF539B869602B9563F8732963566AAD9AB716CBD12A2AD08DCF806CD3D8DC8C3E48F10CD4D4D4D4D78022A4E3A9AE478EC81A025C74AA3435B952710E61F9D790B146876558AA002F0BC2773535DB5353531AF2558902BBEACDADF2C665D60FA3BB0BAB5F5CEA8CB774DE3B3958AD8D6E1E15B9532B0B2310E45AD958E753A76214372720A76BEFD4D4E3ECD422719A8901EFE7B751B8D18D53EAA1672171F5105C79358A46337A83A164FD46021C8E7DCFC37CEA6A6A1138C65D4226A6A05DC4AF4211B9AD055EEDF79B079AD6343E61135008601008A39824927B6A6BD9AEC392C5C92D5D8BC1B200B22898C5DABE896AB52BD2A8191D5F0BEAA9FE38DC5B2E85C9C7C6E8E7D0B4703D2323D3BBDC3E7A597F43D9A9A9A9A9A844E33E20F6F5BBF967EF8C0D19E59558D65A1CCC33FE8E9B91F457AB86094AA5C4C62631F1A9A866A6A6B535B8CB35008ABA07CF6D6E71D76D461B9C7438F63D888040201384E235CB5DED7B3EA40EDA866BB9335CA5569A8F4CB117273B1F8CAF28D4D8DD538E4D1934DFDB331DFD5A59993239FA79AE2CCBE9B8AB70F7EBDA60FC03BF5FEB1F4D316C9538752DA96D8EA85DBD3C820CC7FB4CC4C8B712D4EA353D4FD531343A9D2E3FC9636ECEAD8E857AC6331465B06A6BB19A81373C2CF9EC07B9843DB53535350278E3A8CDA1F3DF535DB5EE2A2252E67A89B70A260DBFE406428AF2281EA2F49FF004DC3B2BA9399CFE9DB3932170BA8263D5D2FA8D6EA0EFF0037C41F83F91749F5A29E245CC27D6DA55AD7DB3B59295FF4D76A2566EFB465784CA566D224B72099D2B2A9C6C8BA8A33A8CBE917533F8FFA5EB6BB1F335388844E1009AFC5A9A8040BDB50AC226A0135AFC3F12BB8AC4BD78FD2ADB5E0B594E43017F4F4526CE8F4E5E3DBB9D6AF6AEB5BBC2E4DCAC10E4D850ABAD4E474BCCFA7BABB16D4F7E62DC6A46E49DF5F8BAA535DFD5D978B6E223284AD497FB0D69EA83D1ACC7C75A32B2A5989918E83CCC0E87E2FE9F8F6E3228449958355ED41B029F66A378807BCFB78C03D866A6A6B5F8B94DCD8280953959832EB465FA504898BD4EFA661E4265559682EAACC5BABB6CC76A456C6BB32DD2CC4167D305237D3ACC6157FC0DCF976B4B0AFF5D43246261AA9B12C24D9571E6A4715229771EA43F64C7056DC3EA38F94EF8F45B636052D9BAEEC6DF5A1821F61FC7A9AF7EBF36FC76C7A45800D407C6365598D6B66B335B94ACB65ECF16DD3E2E359B7C00D1B06F546A6E54E91D4797E763A153725EDC579CEB0A8DD38359436FC0F2D49E096522D4AED6AC73A9EDAF0AC15745EA20A1AABB1E7EFBEB5D93901EDB1F8007EDF7EBF21EC7B1685809BDFE00752C7F526F73712CE2791D93E44E9190AF4F49D5DD3C799A1AEA7D30A1E8D99F518FEFA72726BCEED49EFBEE62B6CCFE4196D563F51A5B1EF0746C4FB69B5965654AE50E30AD6F31B29F0EECCC8A3D6C3EAD5D6D8790322BEDA6E70FB0FB2EE440F8CBB1ABC7C7676FC3C873F7987B39D4249858C53E5740EFF00154C6B773B3D844CB5A30B0DDB129A9B92033732B10D77536ADD57B3737ECE5C33BD8962583B58EB457D2EB6CCCAEA4DEA75098EF2C43532882D065AA6974B392AB1AE7A41C7F16BFD1CD7FE418EB7F4FEAD8F9A602DC8FB8BFDFDED0C65FCF49BD7BC280DEF3DEDE4582985214D76D13137EEC7744B2CE3EA29D4AD872ADA89E2D7B14880CD7298398D4360DAA6FDC07CEE5A0D0D859762DBCFEEDF607626E6FB757B3D14DCDCDC170376E6FB67B3751CE5011492598903D29592D15384701E7C815EED6E859C09C2C9C718B87767AB29561B1313F9015C6B3A8E6E536374FCA10A662D8ED6855F5BF1EFF26E130984F66602721A2E2336C1067C41ECA6A7B9DD595BBAEA0D3C568FF1DF06DB01BAEC8C9A73B33EA170BAC64E2AD1D630F26CCDB712CC3CDCEFAAAB07ABE57D4EFB7EDFEE5A9F9A6E753A1B2F171B2C8C7AEC162EE2372582753CA38F4F4EC41878D7B71A6BF8B06A289E67C8F98E9E1CF21FC7FA9AFD365D1EBAE4B3AE467753C5C95E9D7F4E06B5AB8055066464578EA0823DBB9B9B9B9B9B9B83C4DFB98E81F20781B9B81F91266E33680FBA5CB601B9CF5394E5A9BF3DF1321B1AEBECF56DF736ACAFBA1FB864354D9B9232B0BD9A9D3FA8DF8EC963C56DC16A3CADBD3CA2C143B033175550BF6CDC56E423D8B5A60A35F76FC7557E1D39478D784DC4D91CB83087E0A8B456EF45BD2FABFA16FA1FFB33F029CE54FE3B486A3A77D1CAAC2C3B280A3737373737373737370C266E6E030B715460CBBECCF0BEE739CA17993694AB61579410B6A5B60AD4D9CA6E1D184C5B058BF83070FEAEBFC155C3D175F76E747CD1662E413610CCD6DD7155C827D370523646F11982CB2DF18ADA13214E55E3C199152DF48DA3F12658BA6E3E35B8E8CB11DB6C3EE65DC35153D37A864E2CC6CEA726BDF677E116C571B9B84CDCDCDCDC7FB94781B9B9F59545B92C1CA2B6C8961622AB8A8DEE6E3F99F0396A2F5745B73F36CC8BABEAE969477B603E019BE42FB6DF5ACBD5254DB5EFBFC08EC85B47D9BED8298D6B6662BE2DD558AA1B5C8FB839598F91C96B7D07698F921316DB071C93CB2AAB5E237189718326D59464B2C3C6CAC20D99D5EAE1D42A3E40E4A9C966E0F8E314C2FF00779D2A7DDC1F787D56FC598599565A6E1E9F8C6E5D884CDCDCB6D2AD916941F55CA2B592B7E4AC753A93959EA9B0A960D5642B4584922EDF24C8E2CAE183D9A82C84EC6794389DB1787AA9D40513FCB3F339BA5B1CA8B73793580D805C94D60F85669E77BF6D15FAB6FE2D99B948577B6B7AAC80736B716DA90823B56FA357A66EFA3BB9DB5D891579D14DBAB29DD9D4282AF15751BC2FDC66FEEA5F45BA8AD7687561D6A8676B55AAB2B02368C695D7B2CBE13FD6FEBE36753D3D159FA67A02E0352FC7AB215FA4DB459819BEA8ABA8A9B9AD5116E579B96642A1F554CB39424E96D705B2D927D7165E43D4C7A6CB600FC3CCAB299257687AFD4D1B3440620AB97827D42EBA8E6FD45973A3F7D7DB03B05B2EFA9952ECA80A8186F9EC334DCDF9FF0089AE66AA0E54D8332E699B995D91B5CA577B568BD4EC5987996594D1770B725E740ABCBF1FF30F4FA6BF6DE321903AB15387965DB1CD5907D1E2DEACEACBEA66D156B1AB1BB2FE8F534A70CE38C9C35738F828856A555B7031EC9674BA1853F518B058C63E4A099C5B20FDF935AA941B2233B1846A68EC584AADACA7D6AACBB2AD2EEC76B12C2B5ADCD3D463D91BEEB6CB9807795562C45A80995A5A7A854F5D0C271DC7428656E6B36D86EB057CA056950F35DDCA6FC2B4E73D42A3D71BEF45A69B7B9AAC157E45B0357EEA2C4498F91C6ED8D559B6D551CE0C32F3ACB9F1F22DC7619AFCB78F646000C0BF0F10D7D531B9FAAA4DF8C5ECC5ADAB2B4F8A58B8D4F882310ABE26C4256368CE221AD4C14D6AE6B13D1505AA5DBD7A9C3C8AC2970187A0B0E32ECE299F4EDAF41A7A3A9A8D5930A9947A9C6E6701F22F331F36FC7357524CB18975765565389607E99845F23A5A574F7A6FF4EBB320107EE1CF4BEB36C64186E685CCDFE0D9D7FC0A0B31F1D87DA35F63A946F75B5B54F01D4C1BAFB22DB644B6CDD2C045B2B82C4F5395466818AACC0ADF19F2167D45913379C39493EAA9DB65D3AF5E926B6C7AD4BD50D94984D6492B07A735542B569510C38FB2B8AD168D4BC2D72B978071E8B349B578F586271805182BE9DAEF8F2ACFB6579B63C3F512CB159DB5BEFCCCE66124FF00C40906DB1ADB3F2EFDB4D6F75AEA51FD959D30BB1E2F8885148D4533D3116B527E9764633082978D578FB1672A80DD5A66A09FFCA90FD188F958618646119EBE3056CAA84FAD504F50E27FCA389FE5EC13FCCDD1BAC5A61EA44CFAD162D592527D43F1ADA5F678F5ACE497F351926B04927DE6C26AF6D7670FC2A0B1F6DF4BD16FB0FBAB4E7F841D7B788D7C13E663649AE5560B16A58A20B0AC6BD948CB8D9BA9FE4976735A3E615073A9D9CB52064E3B20CBAF6D6D0F1BD165F429100A04F4EA69E9001AB13E9FCB52CA4218F5B09C38C21D600DB0D0DBE58EC6F449D1896AA623AB237BE908CFEC6E1C3DCA36CA36DAF1F847824973EDBD3D3B5FFBFE3ACCCF45157A0A68C0AD5DBE9EB44C4B1F95ACC1719CD8B9D916D591F59910E7644FF277C191EA632E3D4EAD895FAB6D61631F4C7368321F6A03C662A7B3528C1AFB2A1439B57D3500635263D4A02792F4571EA48469EC02228D64D6A8E7D96D8F6B7E2C740F79F9EDFFC400141101000000000000000000000000000000A0FFDA0008010301013F01159FFFC400141101000000000000000000000000000000A0FFDA0008010201013F01159FFFC400431000010302030505050506050403010000010002110321123141102022516104133032712340425281336291A1B1147292C1D1E105344350935382A2F0246383F1FFDA0008010100063F02DEB7FBAD9D3E274D981DC3179C59ABE5E140DB650DFF007E87647544C7A78BCE0C593B17B479B0BF95066225BEEB92B67B6254E027D3DD0B9C9CD762C588BB8BDFAD90F10073A0BB2430B08FDE0A5B61EEA7F04615893EAAF2B3D923246C00F70C4F30116BB22499272E8990E0EBF146811CCB74924ABB8877DDCD34137765EF8EF4F0CDEF9EC697EA6177D525F02C14080DCC01A6F7A6F49F01C0E89DCCECCA375C79F8F67530EFBCB89C4B6673B225D7B5B6D9C01E4722A8122C2D04FBD735D5611E1708074BA3DDB4C1186CACEC909D140E5922546D953BF1BE5C513CFC06F8D6129F84358C0389C6EBA6ED32488EAD958592D6837C39A0F64C751EF24A24F8042C2CA8482754C68397E0B153C65E72792AACBB054D7EF20C632E0664A613E670CB97BA7119F0037DC0B196A43FF2DF6B8CE1F2E22835B51AFC222714FBC5D611929397805CEC82F30A922DF751E592753B105405659E5B92A367AEEFA7B848F1C86B7101AA738E673DFA6C351B4DCECF16AA1616C18F99DEEF85BE652720A4EFD37B496919218DD6E437270F0FCCA74CB7E372DEE57D2EA7C52CA56673E7BF010C576B38BD543EECE5CD0EED8D691D2653486713723EEDD5752BA0D91BB0E690DF991BE595E41DB75D026F7AF8680B90D01DDFCD7A22574503C2B2BF84D1E277547CDA9E4AFBF1CF34EEE8C176A9A7B4BF8DF7328119159FBADB3525752A35DF34DECA8187585EC04738CBC39407358796EFE5BF657F040F0A315D612EBAC34AC3E6470E71BF03328C64982A79507D4737908586A567803E0E6A5B51CD3D135B561ED3F1447B9C0D97C949B0DF7776486017BC2CE76E51B6377D76177E0AFB2EAC89407B897783685C6DFEA893B0EEC9C82CE5616DC9CCEF0A772C3F9201B80B429CBDC206DBE5BF0DF327F795BD9EE1F12DB93B2F96C9439F8807819590C150E35751BDAB9721C940F8AE7789B0EA5607889E591D93AFBD80725C3B908EE93B00D84EE8527CA8F20A113A643C4F4F04BB922E80376CA27D5656EBB24F9778107882E20D2C19E1175C25AF6FB840DCB6E4EEC3AE8180211313E081B09D91CB773E119A186C068B8B34655FC403C025449C3BB016167E3B7111F459C9399DDC2DBB8AA50F6973FF0024041A75029887647DE2D96E4595898EBB21D8A15BC2037215CD94795A10A6043513A2B2A9E9B210F08F810277A19F8A8DB7DCBEC350E4DCBD538830067EA800F9EB197BBF0A8DDE474EAB39F024EC89BEFE2ADE65869B213AA3AE5D96CB5A11E49C74F74B798E5BB27C1BE7B59712EBA379933EEF1A6F70AE3FB409E6B024E89BC3C60E7CF7BA2E8B1BBCAD53BD8CFA05D05948F31431FD1632BBB65DCE513275446C9980ADB0F852003EA611350340E9B03B11E82162B447E6B13B72FE066A1BB236521169FC7DE67765C602E1B9FD3C021968D17B57C7A286F9065BB2EB351670B7ACA0CA7F66CD79AE8B8BC8DB940347A20D1904E8F3BBF2588E880DB9AB787750C108CAE05983E9BD3BD1B2770BB460FCFDFB154717C238DAEC0EB4B9370081BD08536F98E6AFBA6AD69C3A0E6B974E49DCB551CF635BF35CAC473528FE49A39DD5D5A5616FD5050D11E04B48237217A7818797830044A81B27E633EEB651E000D133F922F7387170FA354BAFC86EC0589DE6E48939EEE1A625C98DA9F8A186998E65774C32D6F9DDCD12577AF1C2321CD12FFAA8021611E5089F866E9EFF00A0D90DFC56276CBF8134E9CDEE06C850D56F03EF6E46F5946BAA8E661068C8293EE9276C6F4B8F0A31F67F08DEB293B236429A863A6A88A4D0DEAA45427F7AEB15673F8BCD7514DB859FAA1F2EA5616D8280B87350CCF52BBA6667328357085C566AC22FE034570E0D764E02CA45C789F7B724E5BD0B0B73D80C12197B2787666E02027E881F7B2D8C911F0F357CBC09D90B9BD4EA773EE850DCB673281AAFBF25C03F144ECC386500D30215958EE06B22AD5F9672589963AB4E9B30D6607B791429D310D190F0ED73CF725D60BA6F6108EC3C94C4AC4EFC945BDDAEACD561B04A8321AE57B6E1EF598AD1F54FA92DC0067CD191B3D76C7C6777A286ECEA55AEE2B1D43D570AF55C2B13EDD39ACACA1B6DC268F6AAC3EEBDD211A75585AE09CEEC9E9251676DA62D93E6FE240DCC4E5D372CAF64436EE588E7A6F447804930022DA54EA558F88581419C54AA1C83F5FAF8765653B7158F4527340BF3DB215D0613C1CB646D73CE9922E3B459466A06D3F74297E79A81E5D81A15EEF2A4EC97992A76FDB33F14D2EA948B9B94952D823A2A981B88C649B4AB4B986D7CC273CE404A8AECEEC731741F4DC1CD3A8DF9D06E4E8A175DC86892A3556CF9ABEF5C2B4FA1DF14999D5741F457286ABF67A95719F831EBD251CDAF6D9CD398F0237A48470B23A2E31BE4EC9758A14C7D546C972B2B67B6F9298BB8CAC23339A13B311527643549DB2AD657521985DCD9C27F2563DF3793ACEFC51E1048CDAE6DC2761606E2CE13FBE631F4E2C53BB9FB077C3F29DE9DDC2D56BF5DB750DB053AE9E0D946FF00646FEF1FD142BFD5020E5791A26D5C41F500C3719FAAC1DB3B2D4A6F1F2995EC319A8726E18FC4A0EAEF155A7E07550C470D9C336F2DB215F665B0922C8946065758E3344953BF88E88CA27600364CD962D92B033CBFAA96FD1716EC373D9750AFB20E4BB9A873F23BE6E9EBB41BB5E3278CC2EEEA802A74C9C398DB5194BB4134C1B2A551D77117DF81E04FE1E0869FA14646F96E4451E1EB2F08D3769A852ECB9A96B82C882A1E1950681E3252D662A9A19364D755ED5DF103CAC1E5F53A2A5DA1AF779F091311F5468768ACDA8CCC551FCE1705669FC57090474DC3855C02561A86256165CF45C8E4251BF801817AEDC4735DDB7EAA064A064A4E48B8DA9B422B11B464A7721BB64ED856C9163A46A08CC1E69D4AB40AF4FCD1AFDE1B63222E08D0A21D67B6CE09CFA9E519A157B283528BB28CC27F65AB226ED9E7E2DF7E77733BC5CE3005D0736992DA760670C73BF3585F47B9E5505D3AC0459D191EAAF9112ACB08525B92E0C40E52D255278ED2E2F75F8C4884DA54EBBE1A313DD872E40754EEF3B5F6877A5939B51C1EC0603B0E12EEBB6E516E6ED1341767985C265C3295C79A9F0308CD5FEAB169B255B3D3618F205D397F544D57850D10C1A6CE9B6EACAFB25CA06E62FF000D7F0EBD9DE784FA725DD3C1A3DA46749F9FD39A6D6A1F6F4BCBF786AD4DAB4FCAEDA2AF2B3BD11ECB4EE6788AEEDD8CB5DD10EF85461F86AE141CD7B5FD5BEE96DCB6F52A331DE3E4DE38466B0536E0C16C1C97AA229B318162C8CBD3A74FC161EEDC034F093A2E6BD9B5B52DC548E6E1D156F64C0DA66ECA8F24B073B689C6BD4ECCFC840070C743CD526767ED35876771F81FCF51D145319993D4A31AECCD71108FDD5C8EC969852ECFC010BAAC03EBB99A81AA0D503CBE1DB77F67EDF14EAE953E07FF00440551C43CAF6F99A851FF0012334CD99DA4647F79023FCBF6A3FC353FBECBAEEE990C71CC63E2D8D2265359544D40620EA117BA9E17B648A947848F519109AEE6277A7DDE47C03F541DF10D472559B53CCDAA47D3308A2EF8B2F55DD8C2DE1D7252C65407386BB89BE9363F92A556B76AA955BE5A8D2E8B7AA069767646B8DB27EB2A8D4A14852EEE4B9C04629196CB6C92EB1E68C5D71131AA06D7F0E1AA54ECE2360A1B61B09D55FCC7C0BF8229547C3C647E2053A8B477982E68731F353FE89D862A30D9CC769EA9DD9EA3F1F60AB66DF8E89D3E8A9B4C0AB939DA172E679958CB1A5C2D317DAC7B336DD61ED0C8ACFCDC1C4071418EA997CEE92B81ED3F5D91AFBD39DCC950B1CF0E188EBFFF0036F7BF2428A4F6F747226E47F555595AB70BF861A3E1FEBD549AB51D68BEE124C8DC9F1CB8ED9FC02939EF5D5FC26CE960E06E80A6309A4669BDA6E0AFDA29D41D97FC41B63193FD561EDB49A2A44022C9F4D8F963BFF12831E3BCF53FA145EC92DCD5960A9A894E14A3879A1DEB201D42A350DDECE1726E6DE6536AB7B4B9ECE4A5BE76DC207DD8CEC259E7770B508D99C3B428E210E168E4B3F54E7699200F9E9703BF92F682961E6099F70BED81B9D1478423207C39695153D2577804B727040CC8391429D5B489694598317D2611A47ED0731985DE89CE70E8B133ED5997555E93ECE174EA4ED72E89FDE9C35742160779DA6EBBB3385DE05465425C69D57B24F29F726301E1A22FEA7FB2B2B233922F6B836D02D38934D63C3F820D4E766D7F9902DBB4E442AB51B33522795BDDE4F83750DCB6D2A74D92D3771E43706F61AADC54F92776702954A750F077835F5D116F76EA4F1A1BAA55E8D9CDE17042A7686CF51FFB75EC6A35F1CB637B47668EF8663E60A5EDC0ED42F65E6FD53DC4161E45778E796C1B47BC9ECDD98FB7D5DF27F7539BB5FBCA2655C4FA296C0FDF2B19697136877FEE4B84F1064B9D8BF24D6832306CC744F09F353393BFA2EF1A5A00F3B5CE87052DA9887DD6956153F8546233C8365416D69FDC8504546F521626383874DFB7FB0705C850F6A9A6EB7E6131EEC0E7531C6235FF00DD53FF00E9B890B0CC108BBBB350B6F005FE9B4806E334EEE5D0F0254769A7C7F304E63265DA1D160ACFC353AE4ADEEE7B5F666FB41E768F8BAFAAB290B49E70A711952F7131CCAAA6328549CF0670C0841E1D7E4B2407764947364DFA2869109CFACD388EADD3E89B8B8D86ED7045D4FDAB3A66AAE2FB6F87D3FD9DDF7842636B536BE9B4E591FC507F6774B898EED7B277775C1B4EBF74AEF45DED30F6F2BC841ACF8B243BCA7ECCE649CB635ADC427545EC7B9B5323D5021E65A8F76DE3CCB56178C2EEA8B80C971B8E03E658E9B839A797813D95F86A34CC1C9DD0A6B8B4B4913074F1BB506C5302D3A13AA22418D79AC90AAE662626B45CC62A4E3F1379238728F2F4E4A9B6436F189D92EF08ECEED71BEA597B3A2F7307C8DE158DD4DCD67CDB03FB61BFFD31FCD77218D60E6D170835821A2C06CC63D9D6F9DAB056F38D7476F5BFD84E6A5A57B6A6055193D9AF42BD998AED90FF00BED4D2330571FB46F542A37EA3927523F10B2EEDCC32724054B49CD07D33709956B5299CE330BD8D5C74DFA7257129ACA25AD26F867DC598630CF14ED777706A47083AECAB58FC22DEBA2EF1E31623889C512754E26E650C792C2EBB72468D6F24CB5DAB7AA8A9C35B31C9DD539A4416BB2FE4A954A2D15E9CFD9BBF45DDB096D68FB37360858EA52A6F78D4B6533B46060C02D035EBB8CC2D61A5F119B8DCB09FF6892E8584EA84A9A4E8073409389A7447BB738382975D35CCB146A57F2117083A8C96BB22B1776E119CAEF4D3706F35DD7687DFE127DC24ED0F818A227656155AE7363E1CC5F34407111F9ED1AB79F2E8544FEE9E4BBBA8D9665E9E8A6A9739A7CD19FAAAAEA3C752979D99E269C885EDC87003ED3373072774EA9959A78BE661F30FE6378F5D871906F6B69BD3EF39AB9F06C84E636F30A46DEEFB5CF760E7FD55273C075DD13FBC764688D5ECC259AB392C0F3ED599F51E037B3768A78DAE92DACDD7D76B9BF218DFC322796C1D9E8DEBD7E111C9774F762731A24ECEF1997E8A730335C192EF009F982079E4ECA7D79154DE1DC4D1034B7229B5E832A5026E5A34EAD3FC91C45CC3FF00529B6CEFDE67F4589AE63DBF330DBFB6D27170F28F0861D8E75312E52F116F070CDF978765C5B2E010A47860A262371F49A3DAC47F74D0C389802046DFDABB208A83CCCF9935ECC8F84069559F9B7FB1DD9A6E0E195B6BEA38C34711553FC46B0F370D11C82ED67EF9D90854A797E8BBCA169CDBA15C5F59D3D5103C8ED1607DFAA22C5BCB9A9A67E8554A0F387BC16079845981D8418C6B00F6757E476BE9B1D8808F8637C360EE404D0CFAAE2CFC0C517F0FA6CE6A76DF7BDAB31B3927777E5D365E100F1C435E7D106321B1975DAE9370835D2696A3922DA4EE0226FAECE9B1CE65A954CFEE9E6BF66ED96A9F0BBE641BAF81D9EBFF00D2AC09F4363B8EA50E0409922C7D370761A67D853E2ACE1FA201A200C827B8DC932B09C864AC6C54385F5EAB83F02BE57AEEDF67688364364C7168A0369BBA87AAB530CB29FDA366EDFA279ECE5AE34BE12E828B5C0B5E33055960AC0BEB0C9DCFD5369F65ABED0FC2C6FF00341D5FFC43B462D5AD287775A93E97FF006B6FF92E1A41CEFDE80BDA3983A35BFCFDF2E558ECB6CBDB770D26E2722D7082373384E26C760CE771A599B324E149F7998C88FAA1DF36A53ED0D18641B3BD42C322A3393F44D6D46BA9923E3C9126A35CD19161920AA78A457A560F1F10541956ACD3C41A640CB708C9076BA8D8EA4C893CD51C4C73B8331D2C839B975D9911D0ED0DA5C5DA2A70D36F558265E6EF7732AA3FE5693B03BF151F82919F2D97C9735CD3A8F6875E90907EEFF642AF672DEF80B13E57B7E53D151ED3D829BA8068EEAB06B2701E442C15A877C47C5E470419DA29D32DD1EF65C7AF343BA6D3C1A61021120004EB1B03AB1C2D9898B0F5520C83EEB6DC274C86E171CD0C07D7A7822A3139E75DFCC5B705E3AA76A79F34320F69B8E7BCCA4F71752E59C2E365FA2BB482A0384F29BA7334A8318F5D7F9225C401CD002A6139DB54E0E7DD955CD1D78BFBACEDB26FF5D85EF30D1729DDBAA8E275A934FC2DD9DA3F763641459AB7252BEE7E8BA2EAB13734D7B0E17B722B0D418683B30326F50876AA2F8C4D87C7C634280AA0870C9EDCD71F68AAE1C80014F63AD506B82A19695C6D2C70CC6DC2D01AD1A0F1E4A91B6DB972ADE6361EABA0DC9764BA6E0734D8F83570BE1ECC873F061C2CDB231BE3BE7CBDA63E89CF6BA436F84A6BBCAE9D2C995B162EEDD3FD7F24EB8C119A11CEC576D0F3C46AFEA4225D60B84D8FC4DE688C78BAC6C147FD165DFD4F25D396C7527E4E458FF3030AD9A6B9594FE2A69931C97129163CD5C2E883587BDA43FD377F24D7537004DB0BB39DB312DD614B1C1C3A19F02248F4DCCCFE192E13B8433F08403C7D779CCAEDC30EB16DC108F1B8D36B8964E8A9F7ED2D2DBC8D4ABBB873B6D908361AE64F117292A7C496123D17EBBC59DA5EEA64F95DA2C0EBEA08D42C355B89BF9847BB7626EF83F9ABBA48E6A5B9722A0E4EB14D153C910EE8835A6CBBB6FC4E692B0D5270692A1A8E186927345AE703CB55C625A5113C2E1984D9BBDA227655B59DC4BAA837587E2D3AABA8DB95B45F74A908B9AC279D960AD3519C9D9858A91B8CDA731B1D55AC7D3AB3E6638B55DD8BD771A1AD2E9FC970A88852C73BD14B84157309AEA6FE900AE39713CD02C9F550E30ED9630A43F3EAAE57099DCA9DEE203EEEDF681A4111C46D2B0F70411620391E101BA7309A4714FE0B163CB3D215A7D534FE48778EBE5B0E300728478A47E9BC19898D9D5E600F0C49CB643DF827228B2A0870D90DFA4A0E7B61A55C6C875D9A843BB1533F333309C4560E6E928E307F787F35DA0B6467FA2EE8E45A1CDFE89C5B78928B26F9FA2E53AE88E919A9244730A241217B3380EAD392636A37CFA85C2E05527D204BBCAB886170B10891EAB9B7F4426EBA2BA38EFA8309D4ABD1EE9D12D761B7D13995AA776DCC18B2A94AC5DA7556B28ACC0E5DEF61ADC4342BBAADC3DA9BE669112BBAAEC750A9A07EAAEE56DAD8983AAE12880170C92A40BA70AAD1529EB644812DD170869EA4C20F1385D6B2E2047AA8376A045FF55047E4BAAB1BAE2CD74526617002D60FCD08A618ED70E47E9B674D91364019119ABA68B62CCA0605B2DCE9EE6DA6FB86F949CC6CB887040138AFAEBD1358687951C2206CC2CE1BCC846DE9752F209D79FAAED0C2243C62B7E0BB339A608A4D555E4C1F284DA538669DEDAE68BDEFA65AD139DD3BB47677B8D3C9F4BE65FF00C7C4C07E19C94B490562ED159AD60B61470D463DBCB509859F6994F2515042739BE580AA1038DB7F50848B4E8BD9BDD4C72CD45787B3E76E9EA9A46B9AC4F12792C200C3C97920F456C4D3CC1582B7B5A5A54D47AAB886AD4A6B9A305465D8ED571B24646742B09330ACAEE3B2D9217E251518D77509B89A69F2702B3922D7400575DDB8022651C2E2D9CC7343199D360195F340925CDD1CA4BA40D107B72D87E636089A45A79CA832DE8AC8877986CC4C25AEE6117D5712E39956586149F2A7FE3B9C467745466191F309DC154B1DDD9301D16F17BBAB90F2BBE5FEDBFC4DC474E8B19F2C42339E8853A70D1E8A8B9CDF6EC238F9859D8796CB151761289AACA55673C4D551CEC54DDF0B5ADE1421D3FC907106ABCB6E6630F4080A14EB3B1F9BA23E733A1D112070A7837A645D6486CCB612EC86CD57C5F82CEA7F0AFF0053F817FABFC0891DE5F3E056EF7F810E1A93D5AACD703FBAAD8BF85799DFF195389FFF001AC38EB019FD9AF355FF0088A91DF7FC4558BBEAC216455F64EDCF846528C09E4B0173A3E50BD95431F2E89D89A29B9AD902735429D58B4B9D27AD90C628903AA2E154B7A07649EF67696BCB6F870E7B841127450DD73283B26FC2170ECB85659F83136F7100666DB64C1953F0A83BF85F139D8CECB2FF0030E006774036B62F55772337BEABCA1711029C73BCAB56FC95AB354B2AB0AB39A55DAEFC95F127436B9831221027F68EB92CEBFE4BCD580F40B86AD71FF6850CAD5FF802FF00315BFE30BFCD55FE056AC7F3FE88C54FFC8FF45779FA13FD17DA3908795984707D17134A9E18F9534FC192C072D3D539E2C420224956F30CE502D385C398909D8E5AED2328549CD743DD9F25C273B4A873D80F32D5E7A40FDE10BEDA8F3F3852E683CF0D970CEF5FDC811984EA950CBDC649F736D3A625EE30022D398307773430D482B89CAD897039C3EAB89D2AC17C4170E1FD17DA81FF007ABD567F12FB7A73EAAF5D8A0F6893FBA8F1FF00E0B881E9C392FF0055D2839CDAAAF4EA93EAADD9EA7F1AE1EC93FF00E8A7F6167D5E80FD8694E972A3F62A2ADD92885FE5E8AB51A4AF4D8BC9745BDD920A0DA8D5503AE2A0FC1411643E76E4ED4858F162E85169BEAD9CD70E474E4B88CF80D64361B272BEF3F85AEC4DC37197830379D4EA8878CC4EEF5DE7DE0344F836B6E983B407E22D5885C29C2BCAB385E6FC90BB4FD17D9D23F45E5A40F56A80CECE42BD161F412BECA903D410A7B861FDD72B5131FBCBECCDBEF2BB1DF8A89A83EAAE5EED90871BBEABCC493CD59CA0950447556D3A213B248B2BA0BAE617456D9559841A950C12740A1CD2D3C8F81151F81BCE2775987162F8A72FA6F8082FAF8523445CECCEF606CC434FE48FE1E20B054486804AC726613B1098460668F11B20E04C85C4B031F60392FB53F80525F31CDA15FBB3FF006A7BCD3A720724D25827A2038BF151731CD700014623CD1C94C419D1360D8E9B6E1709B7552E8FA2165F66DD8E5E5C9130A26D2A164861B6EE2A8E2E3117F0E9B0E44EE7FFC4002A100100020201040103050101010100000001001121314110516171812091A130B1C1D1F0F1E14050FFDA0008010100013F21FA465A0B243FFD366A41C07131DF430C2F6EA0C213BA56E4C75CDCD2A35F3DBCF60CB872D87BC7B21CB3351F106578217FCC5E85A0951A213286AA08773B62F32EA06BE9AB7A94186278FC973350FF00EE0FFE32B834F798A7C82614AF025F45E25F510410204E62872BB34D3E65E1F04A52005B80EC74C009D919544E58FE71E8A93CC0EF38951E583633CBFC4CB71D3F89963AB062F0676144623C98C7E0F134E0424FFE07AA7D4063CBFEEF2EB34055DF7F5CFD24A9503FF94D120D5DB9D018D9970820740254AC4CB09232AC1AA4E1C17EA392792DBCC55DC171CE63036626FEC403AD4ACFA86E76B0D416E201B788FB4E3A020D7B95D0153862E3B4EE669E51472336F1FB457E4B567BF336AD91AF5E1865C401A3FF0081D1C3F3E0849F806AF1FC3128D07BC437894ECE7030F507D91C688F0F3EB1F3A9B4A14EF45F47A043FF009198249658973BACA5C3E09C4208207102042620B6CCEAE54080B8145A4C59FC4847695CA0D383A61066DC40A09B5131BF0AF98C7EE845682DE90B306A319C7B8F6E8C74FF0078C2B9BBDA8DAFD99774F0232330D05D54B516CBE79543F5583576CB7F6330B462B057F507472006B2F372D92CB0DC2C7FF0B9FEFBCC1AEDB51E73B6A1D0E87FF1B2D6AC7C45216A1197FF00135FCD1510CDF50308086E50EF17054438CE12CAD7240B891234F3351570AB8CF023418C1B63773662A6A6189AF782854DEDC663D1CEE5504E553502699C499B0EF2BA832437141E666003D2EA7B88C5D09DA5C2DA2B138FF5684A2E01AB896DCD257F72F967B3AB484C40FA5C1F8F7C90ED2055C5E3B932397898103F59FD025E60BB1F9D44D13457DE2593274314082C69C4380E5A5D76B8E1CC979CB6C7EE8770F5DB70A9D0CBF64692C0AF3BCB7EC9A836CDBD4DB1787A2614F89C079CB324BEE181FB463B97FA861B1DBF1D481886F1D0CA985D17D153CBCCC4068832C21172FEBA95D15055F30E54AE209589CCD7B5AFEC7F331360BF91D0FF00E5A0C6E3ADC5C5F0C30A6A7EE9A354BF89C8E8813174026236D456B2BC3325BF845AAEED94B826854BAF508767330197F68996C0A3A468F73930E5ECFDE66068C4785EF827DD8DC3B4E513D20A95508E3AD4BB8C1E6552F7145C45B9CCDC37398906CBC4785EE5C29304B425824FA8A98990F3E22D0F7523B9A9C74AFC40DB067759CC6F8EFE65A2B4BD4002BC7327DA1745FF00F22D4A3796678CBF1055FEFA37EC0768C95D40BF4740EA2D1C22D900AC1AC07B98009476C6AAA15CB105EAC14C46AD72C23F33D18E8267BC99F9E21818301C6239B706A2EBA88353B7025E16879CCF90CDB09B4250104A2C552E3D1C4E21A8188807483122AE1D171F490926E71145BA5E7FF995BED15F458F719FC4A50CEE0120563BAF10973870FDD10BE427E037B88670BD2EF9ADFEA3FA47876D4AB2E619507FC6E1A1CCD01A87095B6CACC08B6DBAE3F3DA5F7B5C283C4DD836C1F336EC96F30185160AE09DD25865CCFC3A0CE75B664DBED8F01F69B5BACA0C2FA8AE8C4142938B81A3CCF8C4B435060C8E899CD5B4665C2A39892BA56631389E2613BE81D4FD023701697ECF736CFF00D65A7EC462DFB9CCACCAD79985CB2F4E08792A974B71DA2C5DD3573C4546C2C8AA017B0FEA3FA35ABFF29CCAB2D7D719E09E40DCA30750095389E06262D480C214BD4217B3A8A83BB98AA239D12D7409C7B8343CE5F52E3DD0313794C43EDEE52FD4CDB996A6749433F096CDE744C1388D4BE2681DE6F716F7039B25836959F52BA6A54ACCA86E7BCB3F46D0DF5E7A0F8D2AA211037E22B6E5DF27D7685470587AE99E558B3BB0D4EE7031CBFA08C7D612D332BC17135C2F86FC712EB4306BB11E3D4BE778E18CA1AC93CE7F4DFD0F21EF36E6647441B2B82396E04A0815352F112CFC3F80EE364F36E38BFB214603BA0AB07B4E1472F4350DC549E71F8814101E1D259E6CDCCE8398AE34E7A04EC47796E3C1DBA0A2B9656600F50A7510FF00D9A7134B8C6540E7A56254DC7A3A9166692A54A8C17777BED2E78BB6176CF115B083F1E23414E710EC0A747A8EE3CC626899D49B9629C9EF5411929F85F622CB7230F889EF7CCEE666AEF99847844B2385FD9BB8780ABA4787E97F511CCAAF7032F83BC56B60621025C586BA1FD9E581D55B27FE4176B3395EDD284E5C4352E83BB16C654A9CC16636E08F8E8C1304F7C12C295B80706D810AC09E33068E8CB0170B328E9DD14DAFCC54C2DD4D3840F7D42DC4DC4BC47286E2626952A2712A7713E827042544177416A71F13261A6317EE22AE4BBB8A0B6372C512CBB6DE822383CABA262EC4BEC4C5281D09518BF0382046B97ED2D644A26594BCC19A1A3B9EA1B2302FE40CF528AF1CAB9FD7A5337DCAACCB998835BD7A967454A10E987884C28CA63BCE7C4B00E77D1E6B826EA2CB77E9DA0660E67C060F6F4B03C7F99760511559EA6DCCF163C4B0CD2A3A0461B28EE3516591438BCCF0561978BE618B4D311C579891312A25B2A60CA80DDD6502BA2743E8199EBF74B62C7074A6DD113EFB9E52B02D89E0F2E5F1E2397F226ECDAF328307777F5158D4CC5C7E095F76704ABAC4BF997CAC6181E6A5BBC0330E8FEA2A8351B036F417CB822F1813CA11506F47B1E9B19C730C5B68631096A8AC4014B8517C45CE2381FB44CD70747A014E388EA1D65F729B598CC16BB711B2B1961AAF93DCB324C37C40F088F4F88EABB87695ABE87F9CCD4E1B246679A56FB47ECB71B2C165280A42D6D8227413FB212A76E36C4E8A890E8B32FEBC1C6E7B52A59AC25149B4B0C912679F29C41CF33064069731E93B01FB1E21C45C3F6828C439BF1E60501E5E3F04746E2C38F49688017C7B9ADF11A7E7F49FA33C27CAE87A6970AEE05F43303A351DD743BA6B8793B43A2875CA28B5C4EE8578666B34477EA7EC4D20CC62AC7100A5E6B2C54AF30E86D9C5D11ECE8CC19B399529ADC4004E721B8DF47728DC1FFBC73369E24D08D4CA36C520E399A9C096A4CCAEBBCEFF00336EB251050F39812A0FB137A951227D03B3CB297D661E63B6A184A0F36F932C41A225B4401696C4592F47A9B07694676ED36DB28BD8FDC9CF82A669788D00BCECF87A87D0FE8AE7A713BA54495D04057533D6BDE507F2C70F2C58F11E2A3F5CB8179F29DA5304E66DB9DE681F3034779B430401C7C1DE5DC007896B9B0BF1126970FB95AF78856B132B06D0F676F12870234BCB2CDE9467374B8944C035DA5E0BC94F3325E151DD56A704E0CE271A6416A5753421B25732A22B370B4BE624A9504712D2DC1E1E664DC3A69D2135EE519ED303DCA22A25AB657448DE5164576C342153C18E5788B71B46BE7EB7E9BE858102574654AA802D8D8311B4FB9318CCBC25A02D7CC156740707CCBA4668EA685AFD5D1409589B6799A5CF1436CD26384A6FFB862B3DB2ADA9D884B94E615D17797BC473C08CF100F895115C7ACF6A7EE44B2FDAAEDDA1B7CC89E45CC612F03DAC35159DE502A1965E305CA842621618989D91C2606508711B56B7895EE117028164F0CD226B62ECF4F0C6B7E0CBCF613C90D745711E81DCDDE31313D4ACC0C4B15DA1C485AAC04D01282A6C4672096EB997B7E831FA25840843E97474D8C34A8F763B63194B1054434DDBC279416A39035D88EDB8B182A712B210301713018CBCA62056E85C1660D0841CB184CA5E4EFEA538305976BF98AB597F633498E10EF5416F898A9381D89C1E150D3D90F64197C8F988276E595DA16D9E213A8A151530FDBA0BC7B20C54485BA771844020B1E231A05BDDCA16C7E67782B9ED1B2DACF6915D1C12B313735D3BBB75EE1978276CC09FC4C3EE269F3D09B3CA6805CC3CDCB78ED52FDFEC3F41E8F437D087D6B9A34458B896CE01A8FA91D1F795A3ECCBD1F13743B13FC41BD2711D43F7959F52A6B714C1708839193725CECE21989A2314B0180C2E25880300E1096354CA36A6CDBEA22B38FE205E37F6FC12AE6B9CF69EB7515595AFFA9946F3FA8AF7261AB423B236EF089C9B6A04C1A566E14DC1231CC4CC0A9E49913343A16B6F5EE626A8E11ED1958955138E8C9A210A1ADBDCA85A05B71EDDE0E619718896A801935C4754DA313F0894344A07B6F8E8FD0630B1E81D087D2B311F7399F0134C1EA3E3A1E8E08C58A595D08BF1A14C73305B3A0A19952A5095821D0D458BDAE66729C8E6021F941BE8D04ABAE1925A02B8288BF2A072F1020279CD773FD4C23E72FE20B84424608F68B65E258B40FD897BC6E58822F29BA63711779E21567C096DD1CC752BA066518692BDF117CF96774331317EEC2BABCE35715BD55F895CCA9600221BFC254AC4AAF682BB9CCE48F040A83661E7DC470B744E437B7F110795487AA14471ACAFA94B951254AE87D242D88B6D4C0744E7581997A9963DCBDC29EE61EE2A821D06A5B16DE06652EE5617BE2062646A10ED77976F6B0E88E042BC546F941F11D9B41F3BF29BE2B26065EB8DC3AAED511831BF307C597955152515C41E2097A22FF88D635A42C2972809D1CCE78BE6A580D1B59A281DA29788E6A106DD7412BB74E78B89F28C04B0B139E854F29E4896CE7996E18EA10310207459A0DB3C82993125661EB35E66597A09C9D2A46D88B92B9625DED8012031F09A70B63F699AB56E3BAEF9BFA1632BA54A952BE8E259E08DDA7A48ADE089E84AEF8896DC371A4C60D5108B030CBCCAE6AA23E7D88767AA596C49B908A8B863341C1966D2F705CBAA2D8AC149CF68DAD2B0140115627C6374E392072A10D93B71AA07130ECAEF2B00B197BC6E3E59582C96489954F3D6D8DD5D0A710DE2539C3F699055D30F6665E0F99179952F1BF246B1868DD472778E957D0C4E84952A3D01896F2B21E849835B1E5F84654DA5689BED40FBE3E667636DCE4C6C86587CCA4607667333796A72B57263EFF4D75654AFA5F3A99C1BC4A4951AB622BDE5CA2576CE40CB0B08A33B62C21B8170E525EA0D344CB0BD54DBF328AB9D450C140BA87C8092D7E8416CA20378C41524A077CC1A056595BEC789E84883868872E7B46500F305315CD844B074AA729442AB35BED0398BB41D0AE5CE5C4300DA715BB9B6319A41E1BCF9653B76B047305487969F3B9FE9D96FB40F290C9AFB30F421D557BADFB97F6953A0844E8A8EBA8356EA50D5DE562574FD80916A3060BE82384B628BA5BBCA23837DA20E4FF8C188C1B12AD833002CBBE1A6668BF92BE9A9509B0AD568080E25451E85E670C42952EC7778E952BA0B9B45E09A26E515F11E25B11C17DE25136C426AA24B4B1714850DE301AAAE92786E5FF18EC58245159731D49C3862341E660020A434627C5861E7F24B600CDB359DE7A37ED04ACB965007474610E6FF003B0D19BBD0AFA7E6226A2365F12DD00D972F31176012CD147681F512E394DBE2FF00B473C36C04FBCB43DCBB26347FBEBCC64D5A3FBDED09C16ACB8FBCB8B4D353E66AA829632BA2A5746326CFA11CE59570ACBD6D261139DB751E93E5943E233520FF0012EE53DD177073120A820C4402C9E2368FF69F5AED5F18E5FE23BF8E1A468E182955E007F717F783B48724FF00B9875DEB32AA6D10620E655C4A665B16B51A1D06563C77886A33E5532106A8B9435B829A958A25AC8BB7A992477008D843443F6CF694114DBBCB64A962894506D68E8C012A816B3E349E388E44E7F0F11B553E23A60FCC43C6E30443CD1751533D6AA6608E3965542C982708A78C4D4C8F399569FEA1875FF11F168FCD7B8607F91523064C090BC37466FF0010D936DAFEF1E1ED2A563A1E81156D9942283BC5CFA9AF636F69970B774B32F318B57812BA7FBECDBEDF64B5E77CC74876E9AC416661463A07A52FC4B9B8F7FC7D621365BE9A46ABE9D30D9CA2ED6DD30314906DB83AC2ADF3E6263A0B47E0D44AA1B883CA7F10F9E6085F7A0AF86796B3ABF2C613C98958CC684B3D9C4A82B7529CCC043E516257E0C973B7986E422D28A345F9669038817671326D94DCAC5CA8617CCD6A075D9A9DD88A4511DEF312E544E7B4001DF331BC9AF3006B4B8E82685ED5CC3382F97FCD4B5BB352DAB6BBCCEC327DA556F645A0A8FAE7CB332DFBA15FAC1AC51E61C699E8C42085AC2434A50AFC0DAF0FC99EF2A544ACFF000D3678712D804B1FF11C9C751A0CC456A331807E495D0532CC9B630CA88790984210A710BBD88C09EF34AE27A89BFE28424687B877CABE812EA63169DDDCB3E048A64776FF0030D7D498F173E60AF8FE665D5F9077251017AD335FCC522938BC41BF1CC5D50B97F62927AC001FB372F9B987970802F85995C2B6C83D8537080E2DC6BC7F8FE60CD7985A01ED4865E22AB231A958EF289927243B51D0B47CC6272C1350A337CE93962783F743DE37F79555EF2BA82EF4A38207B4CA4BF265D16CB8942BCB52A15CF3ED10F417B4398C4B135C3BB2DADEC7BE3E6590F04A8B41DF17B661EE553922B3B4209EE56135CA5A89C096B1001CA50142B22731B8D1A25A1E48E12883A175E07F0E254A9692BB96EF118C8AA1ABEE787642F94A8103337F23D98E0ADD02AB912A109D0599C040AD45A264EF35A86655C3E8985031DBBCCA5426D89DA62B7C40312DF898B15512B0B3D90C75D20E212015978234AF35C2FCB6B7635EE7D9FAC3EFFBC4A1B654FD83B5F6FE9AC40692F9251B29DA1511CE0BE63F70766E5C96F0E7DB529CCEB08BC8BFBCB33E1B19FF0071EA650CEFAFDB373B52E4604F6CD3EA5C01375C44385AC44AAECBBC2396A8205AECA1B24BA6A3B6FE225D73DD8D94DF4393A025A0255ECEE5E2F0660DAB11924C4A3A63B42EEB812B3CBB67A0343DE05E0391EA198BEEEFE02523893CBBBE6520E372AC72388A1AAA97EC996F0252880659332708FE096C12A1CEA77A20AF7BB2F739455DACF80939991A398F7FBD4635439D8F23E4EA2978FB7FF3BFBCA7DDD582B8985B2205B3E08BD3289569E29983C34B597FC4A95D01D162B9C44B9BD12A798D32E59B4AAB8CA8BDA385BB636D1D5693162109C9006ECFA63B349EFE98E5D851DF72FB40F95329ED3E7BF30703811F4D5BEA7EE5BE47D93637807D8BE2613B6F1A9704F655FE0D910C51EC5322C2FCBDCD4476FC9CA7A1E6E66580290D00792523A5886A88CAAA6D576C43BCB73CCEF95F70529DA3C407B839A784CAAE883AE71B65A5C788B5B70C343A7B6305FA5CECA66D1D916CF67930A9650E6629B75EC1071E766211E37E23B941F988CCDE63DE6622A38DC0AD4F085A3E2CB9BB8CAB4950C1159875BC6B4F73FB446264C6F20CB885A4F83B1F3FF6399188D6A8C3E8FE7A082B78032BEA511DB8851318FF00D9A7302B60DDDEBD4A5495BB53097CF78580343C8CFA86E55FC7F71F4302B295B11EF2B300858988C3D2CE0DE62ED1712E0B109B10345D90ABDCF12E1DCFA04C1EC7FCBF013D2B42655C7FB9A85FD09AD58B3ECCC8B8BA9AD34B3D9D9EF2B7D89017F2393BF8F317549C29EC60F9CBBC388AAC4BB83C6FBFB8322566C3C9B2E1481D541C1E739BE2A3A860721DB185603C30CD8A10AF23D0E666137AE497AA9BC6186D09E48E1529261CE3BB30E7CCDDDBA87937140613B52C3DAF2C4541986EE613BAEFD4EE7A6C81332C08E2AC46CB02693A0BC2254292AE54DA06655315DD9EFF0030D7E94FCE7E7FCAB325D267C0711C26E16D84770FFBB93A417720EC79DE6A7317E425AA016E8F713D08570DF4506772A877594536085F129B34C683DB1B229BAE8E6FBABA32953A80144AE95D477351B750299DCAE83D0C47EC253C543A39EF1840D9EF7C71F8A81DA76943D5BEEE7B60B0F32B6567C97B39FE614201657C1F0FF662C77884F871ECF884AA348CAF6D197CF4A88CA31689928755C4AADFDE165D419266816E7E80F55AB9E85FC30A01F1290ED3025CD6D9F130F30B2A0DEEE185B8FF00A4CB614CFC65CFA99CEF0632F62E5001D7D9308AE83A057F1137E21F9B703C8BF0B9F0F859B4E371F4391FC38CE2193214813DBDF886538F66C3BC4060719A8FC9E1969AAAD549ECE26019AB53B3B05444401BD228F006B226B59EFF00866819701134A3D58838BFE0C12749F554636E9F29546255C37D16CDA118372E3A9960ABC576E8395A64EE8FF533071398CC3A1A4FA1F3142E855ED51951C69DBDCEE71A3DE8979B37F63ED531197E587AAC7DFA318E92CCDA188C6BD6E7D151D19317420C14063A6F3076CA732A3A6E062C41A25797711F04BACF47C663F737A38E865964B191E63BD81154610632A54AE8A8B8041CD8B3D47780578F60956ACA6D9EE2E153C02F9988661BCDE7FC47FEF6887FE92C610A3825587EC1DA21E69519C6AB2EEE19555BB3315E6039A508A75D10E07E93A616942E71AD458FC3D2A32BA87D33142387D1DB324FCFEA9F797C85979266CEC9810BA66A305D190BD8E1F51AF0AACBCD7FAA02AC559F1DE6015989C9C57A8FAD5BD28E90BC6F6157EEBF68E062960AA3B84DE1582D8C978512CE647A6C6A15CC5D0BD2020230F81AE8A8C1C1349534F4722F6E88BB44F8A62AEA1CB9890BB7070A65745EC07454A99750A2AEB984EC1BF0F132D166BF0119B6BDCB393289F8BC9FD44CCD638CFF000E596318D5F93D9171800B6EF06003D34D7698017DC6E65AC0E69FC272EF12272C86BE9ACF4017405B6CA8C089035885E654A952A54416BE86A10CCCC5C3FCF88F9E4B55D5EFE7CCA8B07DFF00E9CCAD921619A67A92AF35FAD7EE825DD7C5B758563C5712B5125BE1BCFE2D3E268DC656365FFB3CC14B1A1BEF70FF003281BB8B1FC4B750EFFF007399FBE2FB13D208FF00232A2FEC53F0C3AAA58ABC4CE1D910E66B4461FD7BC0D6B637B409DD952A54A892C2A1CC48F4326E118901050B5DB2A55C2F284AE8A95D19510E30CB3682BA1A6A5815AC91C1CDF4FF008F98FBF1CAB6715E717F64054740F6D302F0C26E555C016070BE9B8B12F3054BA5DA3BE540E6E54253E7F70BE5C2E1CA83B6AB67A859213C7D06BA0F461D6A045E5159D6B37021D1D47170566D3B3FCB9959085A4E798D163CB64F80F799750A360287F98E805B783AFDA601DFB3278B9CEBF7A803D05D9009732D68DBD423FB8F8F51AA70846FBFF88A3505C525F2309C13B71F8FEA1CC172ADCF3AF37D350E1E25D946F32E3C4A7783DE00E9CF433D18E732A274692F864A8DE154ED42724288CA8F47E8B759570AB545030A82C390DA73C4A3ADE2DE68F9835C51ACF01EF15B8B03CC9F9A87F5BABBDF100903C07D9F3508AE5564E9F98F7906CD653EF516CAFA1FB1EA2F487025EC3931813621B3DC29A00C732FA95095983C149FF4CC63002DDE0C3AA1DC0AD7D37D6E3F6F9450108A5AC529A84F147DCA0CAE47922060E8273666CCD3FC4B50D585B672F86FFE461ECB4946FBBC4C06A5A9FC715F9825A561FBA1E678E7144FB8CC98CAF6CDC0B48B36EBDBFA8EAEB10381E187B0B4383A651064C6DF9EF080F8BF70FEA0B25546E05C62F4394C1E63D0E874CA2448911B085A532ABA332FA3195F42CBE8CB66E1572469462EEB0400813490657F58D4EC76FDA3F3884E15D794FF006A5E2AB43DB986D2B3E67CCC64BAE45009CE42607DC2764520C30B7B205A5FC9E594B85DF2CC290728CFB4E062EA1932B6CB8408AD9D0FD4585CCEF5562BE6BAD31B857428362CAF13E0CE5DAC0FBC6BC4D4939148D37E62216257BC7A47CB504B2BB3C787FB973C62384E3FB4B0D5B8AF85FC9EE20A1B0723CA0E1251EF3DE77ED0E1759754D9F12BA6AA92238998B45F770C712977D484846C637147274D679C686C4F7D45FD6FD041CE0755CF4AE86318C62C62CB8B2F3398344EE47A30AD1AB36315A34E65CA823B481258C6C587C4F883B70D16EC99C57CDC001DC3894CADA8F3894B72E46BC314556A1FB417C0F58D85F927C41EA3F45F419706FADFBBF11A82BAAC8AB45721DA5CA3FB59D83F0DCC951D838F84A3A6498140BDBBC44AF1B4CF89DA5354ACECF4F52C8C969CBF2E25798EADAFED4DD73183B35A86BEE8AFEE3CC4AC7C81BF0D7BD467E0AAC5EC3C742B689654D740A46D5B02B7984D76D629E17E65DFD3DE53117707A5F56308AFA5E84631E8E62A22C03609A80F6CAE4224B973997D4715177245B742A62CC03A8ED790AA9558A977411A335675F6710EE1905E0A264F03F98A602DC7139D385BF33C4A0B0356F81972E0CB972E5C1BE1034033868ECC19731BED7E3B3F0CB9736854B8B1886AA896DB35D2C1700D8D1FBEA3920B2D5D5D4A84E21D36F645E57EF15FC9FB438A2FDA2AC618D7670FB3BCB230DA8C3C7FE1666449B66F93F12D5ED442DDBFE7487CC9E3FE26FCC71BD379EC72BC750917462AC3EFA95E2719E8D2A8BE972E600B6E0C47728C3688394E1FBF4597D39FA05A0CABAD4E7A2E6BA1CB8E30B62178768D325F98B47CCB705C2B94BD4CB4FD074B0359EFD414C66187641302ED17BC67E2C48A2A3CDC11837ED05DD8CC53082B61868F3F3102B3BF5E25CB972E1D0B972E36ED9AF77F8F52E5C4E8C4B16CEF26C83D3352CAB71A19B1F4DFFBCCF4487A31FC4254DF9C674F89C8CFFE197854B63EC7865E028D0D9F6FED33A9CCD7F89B54551C8FEE5A97B77B07894B4B357D67B0FF007F7961DD98F17D9665BB95ACC7825E77853F273FBCB9550DF2594AE7CDCD3E95940117EC47A8A695CC0F079CBC40725DA5CB97D498BF316003DBF4D63A3145CC5982CD48AC25104D87E100F0BF98AF18858E18EFCBC4C17CFD374BC29E4792738CF6DD4B505815F722821B5A7077ED32916173F2942A7898E982BB018BE62E2B7C9E44BA9301E8C90368398AD7EE8D19E070797F6F794A7EDDFF00B892E16CD5E7EDD172B1EF2E35ABE71D17927F4E927F03F4042121C07CB9AE61D0B8CC05394FF7FD88730601A026548D79CC0399EFE50BA388B1803A1A0E8F7966DD5FA1FE9889C782F9F1E65F1D6EEA779CC587E5ED29E0ED2BF30487068FCDFC8B2564CB791EDC7E63BF9A1524B03611B1388406156952A3970F3E6DA9A9DF725FB7FA98595936FDD60AB1F010F973F88523E5B3F93FC45AE972E5CB972DB6E2CB8C0CB970FA6E0CB994AE5D0C2E5CD7845AC13BE984A7B88974C5533D39EA4B24A2E88CCB0D1E3E809E533338155952AF7C405B823231C307A205E239967225F1DDBFCD4D881AB51F63E27824AD5F4772A206BA57C5C796F44781F32F1647096F7ECCAAD7C8E5632CC3717B4BC1ED0D0B674F67861D4D2C761367DFA1CA2E55E89A553696DE4C7C4B5BB6E949F1368B63B3DCDCBB373CA1E367F9CF887327CFCF3CFF0058C30DE70F0F063D260ABE634E06EDB827F14AA5018B29A1C3B3D33203630DEE5E1961E6FF00C7DBD46C1B398ADF757E195AD38D939E5E2A9E60F060047CAE6BD6A7663EAF8981E7F12FB685AB4F553611A005971FAAECDF81A3CC1421588D89D165C630E1F40D73183295144237CA75B9706C63D8ABE63C56BD2CD31A3ECEEF4D0B4CB16AFC4C9655ABCD403A55A470EF0A855D18CCAEDA99C3E28D718EFA5CA7050A479239EA5DD7D3704BCEA1B25DADEEA5D717D7416DFC2340A796B8F299285ADF9112BE82CD10CBC68792E2BC7894D2BE3C22E1E45AF865DEEFEA789637ED1507F77DE0803C9A22970D0B1623279852A00A4BBA026BA0C400F0A65EA5268D929C45C2773E63FF00097236B3F389F3264B438650377947848BCD94D5F776672ADB51B7DD3B4BA147712022C21D5D1DCBD8E0EE40061D5E455F78EFDA7152201FEC96CFFA10661AB2DDBE6F0AAF7111B49C9EC7922CE33CEE1FD381A0F88C39D73D0E186A1847E8057D120EFE9026A20AD2F45C5B84DA92167A44C806B2C40BC87BD00C1A0A991DA2848172EA347AF295F1EB00EE1A2CD372917C4BA96619798EE5E23F4DA405713BCF519C78EA33166810B966E0A38202EBA5F51FBF70C2C07CBD8BFDC126ACC5F99727644427980CF75A3F75FC46902B973F6712F1A603C271E1F11F0A2434AFF460C809CAB52FAE2B0D756E7FDDE58833BA51F9839A99FA38FF006A4299E01D92F1353855F6786525A53F64A3920FCCFB1373D1E7D311903381DE0A0DE6FDA78A4B45DDB7F24CCABCFF0073BC38300EE02D1E7C466279003B2BA2F318660F61E6B984B6AD908CE3D12F1EAC5998E769801A3A154D0BE88221563374F48EDB936724394A08C8AA521B7F9F889950C51D7B8704706A608B02A6E5E3942B21B951928A1B7886E4AAC86BBF1CCAD428FA8E0FE633932A2D95D83C32B9329FC0219C1A8A68A971660C14743BFAEF45AAB551D09BAFFAFA0C3A6B300383E65860A70DDE998839FD89C7318BC315B7F491A0B13430C2279E1832A1FF00122E69E2BB5626B69959B98FF769AC0376E7FECC755EB0840F03AA2C7D47B2507ED2B5048EC2BB768DBAD6485BD316DE36159F100E6A0B2B72ECF7E39A777EEA692F4687DFFF00B2D54D0DC074A38581B98CDB47FB822E9E121B60CF6EF2E1CA76764B0EC9B2669868BCF9975F32C2C877ECF795DC3E099840FE0F5BFDC568843C2203495A2F7DD4274E38417F353B71B9084DA73E3DA619BF3DA28597A4A98CBAB66A3D23B437708140BAB5A80AB6E5A477C432FD9315D6740C54168686F4FA973FDB95145DE0196A5FFBDA10641DBCCB88C719995667210349ED7C7E7ABA47C0B80B4B51FEF2D42BB7997E51E07FD263DBE638113ED179C03EE549DCC5FA6B7F78635DA855AFC4C0693C33BB16CBC41B4A4D11B7D34DE6BB417963BEFF00A5701134B751BCECD82E87CF88E8F89FCFAE994BF93C46CF817D9ECCA4B0BD59D088737FC2121185683BD40317AD05DC3EA874161DA14580A31DED5F78DFB4E2970009B7E031186A5AA7973F8CCCA53060E6F2D64F0F442D7B4FB5E663408BDD94C445A8BC951079A194DC2080EA9DCCD24A0FB9FCCA0AAED441671F876844D7256D7726EB0779CE7F08150FCC022A4E431E6009DDC061CAFE253242CE47B4A01C771C0F1FD4D034F18959870F27A65BD1A30BEAF4FCCDD65DD3C889FC5D4F57BC3F011846D91E532C6F390CC3145AE98BEDEE59C3E200051B42DFBC4F747073FDC2BB7E6B7E6FF865594C9D8F8F7CF11350EA9C9671E6305556959EC5F3363425DAF91803225A615F6805E8EBB91E2B761DBB7B9974C76709B42B832ECC0E48065420BA4F840DB7631C7765550156E1F782B2852597BF67C4B4E97A337ADF3D2B179DD45010CB9129918BB839C35F2FF350B9326C992020775797883B7B4BF6C73FFC158E94F1E207B0F6F1033DBDC416C37491CEFD1955E50F3EABB6AB1AC4691384BBA84B6AAD952F866B97050A531F855D3143C39254C8FF0062D1ED2CB39B165B7C29537CBFC43A76A5A6D0571B61903C73068E0A271E2A3556E9FD883C239186467AB2BC30F2ABA6EBDC3608BC983CFDE076DF7E1894C68DDF880FF79F82C31E58C6C172CED9E8B8F7B03F688A2D1853BF79E08B5A278BF6B83D4CC57BD8C08126A0595E22FB3E3E65A345CCD0DDD8801DB4747CBDA61D16D3BF247967A379AF3371279182D37C5CE40911C1999CC397DA63FCC3D62E72EBC9280D5D0BF17511D5864B2F85372B066DBC6BC1E3C4EE7FC4B483B0C8F8770600B0B31EF1A6D0A5B681C788A0675DE5AC72151D97C8BFCC0F7C56EE6249FC54CCE3D93055D277889D31FBC1E63166876C3C8989A4C9BFCF41A1BA4D4DB401DB1B903CC25055DFBCED82D5F7F53259DB0632F6C5CB32CCD50A21B11EA5A2BE81192B4FD0060E6E47B5FEA89C818B7E1E7C25C55DF45BE8556773B8E5ABA6157159FCEA1802AADB598B0877B2BDE655CCD742E3ECCB3F38C02114A530F23F11690574DB9935F9090F6EF5166EA64AA8B930730B90FE616C1B81F87301AA54A2C7A7EF10434B3466672EC8A3F7A64E354F7972554A6F8388311D2ACCE2E28EFF0069FEC4ADB1EA4EC43B4B27611118BCDF9CA943E13A430ABD817985FBC98968AD4292BFC39BE82C0B2FDE2B9C9FEB99789F610BBB200A29DA15D6FE22B35D7862100DF1EFC430AF8BC5C53939D3CF8965CA6C655EA51D5B6767F7004ABE757DA0AA97BBE5FC4057A660559AFEA58D6AFA2EB03F7BF89403541FF50093C1ABF9435A5414F4DFD069BC9E3D300BD70CD1D88D47115D896EDCE26D3501A2A58BC225B729658FD7C932BABC7FF08876943CC0A47634F43491DCABC92E6FB35F3318EF787A5FD3C6ECC3D8F11AE222B48F72633BA5ACBDF602692AEC109C85B78788033EE1A837C0D56FFC21C7BDF40F42377187D6784FEA24FDA1FD22576FC4FE25140B5DC9375884A807E09C44F15196E32467803BF283C6AD75EF982BDF50DF7A5ACE3835A45FB6572E19B2AB406BE1F37FD41681DCFF00C8861BBDF6FB46A4BFE10B6A3C543FEC5FF187A149B735731CC5B1E1B7D9261D266B86331804076E9FDA0B575800C8FA87835E94F737E4DD83FCC40AFB059B08662DA1FC0882A231BDEEA692D2A8A30AD81A413AE5CB64E001E5BEA399755B745409B2863B6EDFA0FD666D12C4E19EEF349FD6B555B5F4A89A81CB005A764BC9F4D3360E6BB4B04789A634998F32BD7DF96BF33064789BCA2F6A96969F0CDA1DEF0191ECBD0423E0798CDB3F923461BE065303BD66E14C146761A617178940D5FE847905C5D4696CE5308B5F78B26E19A768A14D716F30E4BD8820336B2C707EE52C607E19C21FBC1AAC76080DAFC08A788D3B88585157796B4FB9467C31DDE254F02B4F67351DF65F38803B2987215FD4BCC93C278B992AEC6DC9372F48BBAFE832C181325F77987D354E75B59727661BFAC0A6DAED8DC134DF96BEAED75A1AFB7D067500061EEFAAB26D37ABCF07CFE8A3B4AEE3D4E826451C15B25E50C7662B2D55C4BC937A80ADEFCDAB7EF28E27C4D2532D0D47DA26CA7431C5F721DAECCA455D1F7DA0DA3ED884B9C26EC252C7356CB3BADA110EC0814E4C57F0A745E78352F375BB63954A7988754EDB9C023C187C6E5E114AEFF71813F20B22EDBED1B97B669529A455EEAEF370016CAF39953739110E55FC426AA299599AFC88667D92D6F471D0D00416BCE3CAFED348D5A29CFE809530E389E31F4EB38DCC65C412BA5752634B5000E96232F4FA6A3DFBF4A86A24129A24722F22F5AE8C004B773943FCCCB000381D2BA57E85632DD5D4DF8850877D36E341AA25C6E756E2C20DC6A4EC351788B2DC711BA42261FD40F5FECF12C015A7FE08DB447CC21D2F94BFB819481D894450C6A2E8366855B52F5B40710AF407EF81D8F64C868D2F181A9C8A7CB105A4258326724045BD82E0B00F854B406E67B239D47D46B10963D4514F70CC13B1898DA3043698B97C21F64A1394C9F7D6B129488BF60507D55F4D88D71A8291D7FFDA000C030100020003000000107923B4A24B3C724A30B18C3C738604D1C12442CA3471C2821B2DAE7B022C6208087226961A6310010B18A2CE14D0CD04308D2C434910A38D2CD927BEE8241053080CDA4F2071638E794A0813C33010AFB862432C42851CB3C504A324BE5AEB2A614210714FA44ACAAE1B239452810CA38282484104934A28424B0C5080169928AC7BCA2EC38038B20680CA22BA5BA9A4F3A008F324A4B34E14934E3C614A049A0F8C23E030020B2EA34A0043C2AE6AAD86CACF12D8A5A668689451802C424E30E082A688422068E018C1AB10B08C241AEB9E686FA443EEA6592786A2CC2CB34F28B10A3A1B899E192424FBE3AC63A7B020C186FAAFB2F8A296086FAADA6B08518234C1C71CC00732C86C0453C5A49BEFBABA2FA0BBEA86686AAEEAAFBE2BEE96B0470421C43CB108008A2F98D06C8243C1962AEEB45B4B8679E63868AF8E5865BAFBAE3CD1C820008324526CBE8A218EC021A2B0A1B689EE1C29E79A48E5AAD9A08E7BA2B8D3C63021C710A0C6BEB8E09A69E22AFAAEAA98E8AE5B068E096E964AEDA66AE8964B2FB8300D3C32CE1C91A08A6B4EAE0BEDBAEAAA9E69E5AC8962AE2823AACBE99A392BB2F84714B1CF0492801658EF2AF8EA823AAFB66BADAEB84FBAA96F8AF92096CB2C86CBA69CC30508C20310816EBAC366829A6E2A43629EC88E86D8A5987AED96FB2BA20AE0928AC418032D2893490209ACBA886E866823AA982AAEFA26BE994B020B22B62B6CA678E9A400439EE1C714D8EB8688E39A4A2C869966AEB82DA2F08502AAA896B929BAA9ADB2188120586B16D0A29609A0B6EBA2862BEA9A3A24AEA9A934D149BA88EAA2CAAE8252452C718430A2403E8AE09ACAA2AA1AA38E9826BA68E09A014A18282D8A0BAD96D90308E90030114E08C127BA68EE8EC8E686C9E6A64AE782C94908618C20632BAE88AE964923B062802072091C32A89EBB2C823B27A60AEAA24BE0A2820020914C00EB6C82F8E396A8A204E2A1BC91C1329A2CBECBE6BEBB6A86DA259E18A22C3309000241B4130D9AAB2FAA582E84C2880E09209EC829BE89A8823909A6496BB1700D20010C1093842863E2985AE1A2E8413410011A4B2EA459088A002CA0F1490618E53CF38F3C308C14E28504308C0490EA9E682D822826BA782B00F98E30E0C824730B2853CF2CF3CE14B3C73C60843C20492839AF1C79223AD8228243C2A6EA4D0CC00B1C32C536D1CC30F34918D30636E348BCE04C02490700324FAE80672438441CF3CC34C30E28FFC400141101000000000000000000000000000000A0FFDA0008010301013F10159FFFC400141101000000000000000000000000000000A0FFDA0008010201013F10159FFFC400281001000202020201040301010101000000010011213141516171811091A1B1C1D1F0E120F130FFDA0008010100013F106F3F525EEE5659CC73206470D77515BF40FA56254AA2060952A544951D4AC4227D1CE2388E0FADC62FD0FA12A5FDE54AC4A811232A24E3FF001CFD1D46318C40DA8016BD4A2F6C748D42B3D751BB9772C40632D0CCF4B041C4B747E26A2E5FC105FA82B10DF2CEA66BC3C9C9BBEAA0B694B2AC693D41C5AC1AB655831794CF7865B22BA0E3A079AAFBCB4F01A2E242CF0665D3973E62B6927B6237AC2A2A2E6F6FE260B57EF2FCB4421169DC5C9836DCB1CB665CCBDD6D13671D198ED5A7B58AB94BEE0932DB823129F1B8EE26EE68846D956AB4DFA6EA1E837CD4A894DF580F6647F3002C5DD20253D539D456C204A8F8FAD7D53EA9D7D08FD58CAAFDE7E8C3EB5021F538FA57DE566567E8C75F5E3EAC63F4503F102E22A29C96BAA98C6BB8DE0E6FCED84B6BCCC12EDC7C4C0B867E61E389CD30F96521F89B278226C98250764B6E6CD380E5D56798D5104CEE8EBB73B7733B91AC68C739FB626883B0DB130B6BC4018ADCC37667F98E979FE08693D44C51F33BE98212E5E6537ED8F8B380AEE391173D445AE40D0C5B8ECE87E622BD72C4A952D4D55F980B435633F9874B77C27CE4A8892BEE4A15B3C5393FA825C393BF462657215BED079F17A66643E952B37FF9AFAD475171F4598BF4BA3150AD1AB707E10CFED422F2A01598006EAB53517E9733840BE804A952A54A89195195F5AFA319552F352860AAA094A350055C0772900970799883462297C412FCBA25F03712C00AE61A0128415C5AB81DD19C7E237B72CF4D5D5B49F35642770B3EF29F7A2302950ADF1002F2197D12D6E39E7E8AC67BD7F1FDC144357F1770C55860126633810D8BEEEE0AAB07691E5465C46205B1D1DA7F31055B6EA3F94E6BC667DC46977947289012D9D794FF00EC3BCC2070A3F19CEE1201C2E45F3AF99421169AE4C7DCBCC3DF83061D31D8DE4E6604DD855E23EADE5857D7106C9FB9F9B604A952A54AFF00D2448E58B5A82689C2E505FB20C3A081A3683434B4B68BD434A2769F780BA3E799438A01D5D02C2CB72DF50430719C75094CAA1298CA0BA19999C8638A3FA9B82EBC40BC4A88254A951254A95F4ACC7718F51DFD1FA31898FA04D86738E3B20159497AA98348A1F298850A3751D8F0D41ABE2DC1FCB16E25DC568ACCAD068C4A4F334F820C661C9734377418E0C50788D90EA5F8416E094A1BFB443522F6882A072AB79E61A70C0C26CE6C3856A52B88064AB71FDC172D0B67935CF839FC466320717F8FD130F4E46D6FF9FB4788FC54314C5AB7D4A9BD4457965626895701CDB2A5B56A3D4C98721D62051ED4DCE9881AE20A85582317ADEBDEB5E6AEA65AAC86DB379FDC09CEB5B31D46369051C1FEFF006A5983B8A66FE236AF3039F75E62519AC075340AA1E8FF00B33256257D788CE3FF0035F42252AAA6079A55F839B862262C50AA3AA318E1DC48F3ACC285B017AACEB10628576B9BAEE54B069B47F4C4DCEE9286C72529BE14BE03BB996D51E1363918BDDD3AB20821883103E8663A952BE8FD53318CAFA57338FA784419ABB2DF89D984599957A3A8F0A1BF27FE7F3303797FCC642B1797C117860D0789CCFB9785FB8B6773AB72B45DFEA721A712A84CB3A96954EA35B92D916BDA714F9627211825377D541D848DA1612B7C7B217B705114193ABF6B1E1811D602160D0FCCD0382BE7994F917E2010BFE8DFF1117D193CBC7E621BE85BCAFF00883078C5B32523A3D712D4E171362FC4ADB1BFC4001E879398B4F1A8756D412E330405E8219CF71123610781D6D07C5B89727934685F6977CE2258AAB9588303AE65245C7B891F0662DA1F6C136F04C8E1C0F1FECC3416E19FA54D7D18FD6B32BE8B866D12F6E21C0EF46888340F0A2EBB395959169C0D75DD5663BC12A8AF89C37B982A35C45ECCEB0DCF31B01C9C97A8FAB1856ADD90B12812EEAECDB15967246ECD3ECC752826487509B9A26D2387EAC7EAFF00E0BF563A94EC5B70BB56ADA8EC6CB1280AAD01107B0BC8D7A9487616CBE9D4E44945825552E2695534D3E78882800A56956549F1F884C860B4116838C1BEBDC6DDA6C39DAAAD688F0669CC1C180810E6B2D6DB772A1906F97D941E6A340C2AC2039E8377FCC4FF00E2182EF5665FD4C885AC76A06A1A6E5FC37F9FD40AD22F88D7F32D9D55ABFD7DE2BEBBF9798B206F715D1D1A8C850A67DB3A2AE0999361A188E6701CB98810E65CD4DB511A3066554FDA5F3AA1D1E8E271704BDACC188B6C5A864F799FE57705E683165005050751C6E11DB4C07980EF1292C972AD8998113EA3AEBDCC8704BB070BE2F47CB1D79C4C1B711BAF231F3CC6CD17E3A8D41BBDC7386F87A8986844500CB7328611778229CA5D65D56536DBAB9AFA03E95889AF139951D7D18F5F575197F565D11DD4B336E88EB55FDE64CB203B79FEBEF339A9AEFD3FB99D4E970E89660FE67A9737596109772E6A5750450D5BC4D4AE85D1010A2DF95D708C7DCD44F06B69B790F50618C2C9DEDC5E2EBA8094E0D72BCC238B655700DFE1614BAE255C12C434609749CE4FA980BC6BDB2D6175B0ED608471679FEDFDCB47A745707F89A7192FE0D7E6FED30E00DF9E6656388CDD50DB005159CC644C0BF6BA85991BCBEA6AD7DB16D2B6C6821BACC68D7A0F3320BB72A1417365D4E038CB2A8B806A1F61294CCFFCC4327A87E59197713206997CCE0119C46D0277889516B71CDC35AB837F4A95188718530F13B1DBF699E178140F885B57EE052F759FF7CC30EF2BBCC4C5BB5C3102BC088086A175A601968D141650D540CAB08AB2F1F6CC02074614C5589C6367B752EA00D641BA7DFD0FA3F46318C6318C597399CC5BFA30C16F0400B91B67039A538F7EE5A0EAF6EA525A4C718FF71150A1B587402B512E43973351C04CC2CC1008F900834A9C5F77179D2D25391DF98940BCFB808059307517BBE5AD0665A2116993C8EB59966B6DA89AAFF8FCC7B6559B9B660A2E1DA797FE4179A2E79607ED8AC1BD7FBFDCC477DF9397FDD4421B0EBE182263B32B2EC4AE7CC2E2001A835D34054A1B6AEDEBFD71841D95E382642FE656D5AB8941856578DD5C4114B1370D3B477285798D8EEE3F75028B982AB2EE0029B1EF0401F704CEA79AA250109A3C1166199862E5F89CCE62A8827886998074C504A8072CD1A1AC784EBF68B8568C7BEE70B7CCACDBA88800A575E3820500E5CC5CD8621D1956AD0036ABC12EF4EC56202BABFD7982C144E2F25DABC15E6618A6000BC8E16EF64A982EC3BCD2A50BAA6F040FA308FD2F118C63F42C5FADC5A2D866316B35158C710FE66EC450BFB980E4B09AAE7DBA8B50A562F35EE07813BEE5200CB2E03C10C139BED2D6828916D5A7F238828F40E2867A6B5DC4A8ADA6C8E09AD5483916332816868BC5F980B32C628AA0EDBFCC417EFA96D5C78E3A8BCE3539BD4B4F140B8DA827289EBBD1F6FDCE990C3B78FCD4CFB836F2EFF1FB83CDDABE21807B886EED8A506DC4A498EEF1E7ED729C232977FA20E5B12A9F78E5AE8CC4D46E9B4BB7ED28CD668E7ED09BE219F71B6AF52871C1536A956FE0265782AAB99F6457CC4D708B2F5F9972E8DFBDB073066DE61AFA1B8F11C7A87883510713054F413E43F93A8CE5C0A5DE43C6E8EDDC045AAAA06502FE7E23603963EF2EDA5744769D541A036AE345C18C7F86ADF8820545312D85C6FA873565B9D286DA2CBF2C068429C8E4626352D0286AEBDCB87D398798E2E04BB66E318B1F465C67312E188EE5DD4BFF003E65F24BB77124A7081FE2E516F93C7A205F638599283C43BBEA58D70432C4D605D711D62D9C832358BDD6DFFB008672C0747F2F3325230CC00F025FF4685F10C50264E98ECAC3423C7FD88ABAE3C45C7997A5EB6CBB57E4FA874AC64F432C76B6EEBA3889C836F5A3F9633B97B4FF003C40C4AAC3F505B924B30CAF7E25417A211A67147EDFB7EE0B841807101A7159612D003F2CC8385CA1969CEA14AFEE8F37956CDAFCCC1756B1410A27FC665F1FB95FFD8145F820DA39770B5EB04DA0B4C7AAB1B7A19612EA1A99CBB4752A07D0341CC5520BE443BAEA081EBB6BD98B1E152C0E7C1E77EA1AAB21184E4FFBF897A6FEF3CC19AEE3AE4CEE2D0D5660F7FEB86ACC180F42CBE7D43DF3D0F4E58D1AA97C183F51D50B16420A086514CF89BAB2DB132B96592EFBAE32B115595D065D5CDACC7DAFF534DB7BBB5329E2284BC811E5809FF7C43E9CC639631D7D18CDAA3B8FD1FA1DCBE78861C9A3C0FF00B1BCEBBCAB0B38667D75F31AF53875C07FB502A0AF11C95073CC01E605234B77140C9844C990C93F9F88C0BB2A6D95BCFBCB15A195650D710EAC0022F35CB70C68868E8E26FE5C5F6CB291AE7D1AFEE3F492987EEC4B6EB38F41292C253C1DFE6BECC40F16D5F51042D149E35FC40172741BB960A6F22BAE3F9831E47665E06EB752B615DD15305881F977FD7C4E4940AB659A2E8BCFFD84485F11891AD92D53C2E0634A29F3283CABA7F5341A76469677983146E04009BD3C1367D902B98647B9A4CA0CFF00F69AFA29B108DBB861F46970A820E17F6AAE655D91AD50B4983D2FC4BB235B5A1C0BFC7309C16AAFEFF104F94F343A1BF511CFACC18C6F8FF7FB52CD38CBE605F7830BC105CA6B23E95FF5E23CA155870CF411AA8ACF1120ADD62A91E22CCAE4BCCA5837E0E655295C9576456982A2F28BEAB588854E10B07B75D7350C0216D83647EB5F5388CE63F5A9518E5B7B67567A8B48EDF820A95871DBFD1FF23F30B83A9FCA9502FB94E594961081A0C5EAFF008257220B2369A007CD6BED004A8387BF307278633CCBA1DF963F857F3BFC7EE137BA76F7531DE4BE889C8CE86E0AEA514034546533C17984A333F88FEF2C22F87F2B7F8FDC0449740EA33804AD6A6694B71475E61D288E5AC4A1002B70D4B023F70AFF00B1D6E5ADCBD71C12F494298C1E1F2F5112166564C40E2554C400165B5B82DEEB89900C1CEA6C271B96BA4A313041B26481872CC00CCC96B5321D09C68B59669816FB62667107304A9B4C89A45C1D6A9C383659543CE0723BA271C478156592B00342E1E7B850CBC64FDFFBC476991CB1D166E06F05AF077288801A2F63FEDC70C560AE3D0F6F35AC4523617103B7CBE62DE12B0C2E9E8E7E65F79A1C352C26056397514C132D55733164929D5411986C9BEB4F0C02A68970528AC9555CE6B44290508F30A96C292AF9771C11CC61DC7718C798FD1254710FC4162F3029DC61EC6A35C9A5CBCFC7986556852B43A3FB8B97C1327589D61D6B960F32BB8DCA2C394996E9B0377C751F66E839F061A5B6CA529819603A6BE79977BA8E5F11B81A1EA2551E259C3DCDAD1B972C5343A7C07F05CAE0FB4C98A14A70ED41D7063C12990C60F2AC0510EFA8B5967872962CB5FB983565EDACD41E71CF89438008E5741E62ED6CA0FEFF009960DDCA35DB53221328E8E621BDD338D4D91657106696EEE996791766BA94DD73178433AFBCCE4B22F582600F196155796563C77F8D1F7A8A0533CC33324771DE7E9BAAE5E27425757E9E2FB8F64354704D9E250EC1BB88B39C97F11503197E72F0079F10A06A4A8BF00D0F9B82C0A68543CD60FC466EF20B6BE59401F133E239F7A9830734680D12F01E7515EE53AFE214D652899554D00109D022059444C38F88F5316BCD324B68395F32FD43B611DFC3F660A0338FA6DF472C5CFD5D7D1DCE25711C6613C7DBF996CC01B6222DB5CC7944A616355103E901220D9A0ED889163AE63E0712832C69804A35DC33A2DD37FA97D0449F38890B764B9F09E71CDF333283BC10C793CC360E70FE660AD19942DAE58163552BEFC4D61ADBCB0A21555EDFD152F9A070BE78FCCF150FF2C0405B420734CABCA966DAEC7880A245143161D168F3386EE1182FDC24A845CD38F97346FD4AAE162EF96F951432CF91C11143725683302529364E276007DE2870732805F88AD97E65AD1A94F1301C66235730BEB282D7CC7F08DCB13D0665A3F43C254D770D1EE1BA94F8105C6435B3D4C31834B56F7889C5DB1668DCBAB7B88A4A622D65747B9652BD1EDE87FB11CE660DCBF4BCAA388598EA1F95E250C3034ABF1FED2DC8C2D7C451CF48A664BFB67174181CAF102DDA08B65FC9E63AA50E22393F35EE186F63741C181CDD5E480100946E1C537D8E778FFC30E6E716C7EAAB30CC0CC4854366006F2B7E21E0DB3837DCAE6F47E635ECAAD102CFCA325FB95C40037A23645C1FDA20AB5CB28CC77E9193CB6991173EE5D3D3177F2799D6D6DF3E2253242A0160959E78BBD5E214F20D4C93BA57CCDBCB1C3DF32E128956AB88041811C55412F51B1B55B1A9B0BF9D044232C73FEFF6E5DB03F7467216CD56A6B228CB853787FECAD44781777D772F8C569DD0FF006A32D05C72B577E58DCC8C4B5A6EB9484509F2CC1A2E074170D80A6DDB2F504A7E6094940ACA2E010C5E7A2C3324D46D31AEE584AF7393F8996E36421D8EF13EF9801B43E4FA725FD3A8142F3553080D2A2C4D2ED3C62AA5B826C403AEF316D4A6B83957135E15FD07531234DF9E6508626291D0E88BE90E38FB4A40555750C15E988E13266FB8352D2CE9E65B9CBBC431EA2BFDCF617F72259B052915E3D29BF30C25D52A9910ED7E18305BA2338FA9D7D7718EEA057D3588B58372AACEE0AD5B751C7A211C6239CB31DC4E4016B16C55C9EDF5D4D2052B912687BBC106D2FF00F92CCB6C101EA0881F9E43EC03FB895BDC808C5138CE398F02AFFD538A164680A1DABB9601BCA6E38266D100674D76A07CA3425961C55E15AFBCC9D41571E4AEF880376BC751A018726E2380E1E65E9ABC11AC46D66D5A1CB557D45AFB31A83752D298D5800764B624DC1E172FFBB81D0611681CB2D5A773B4BBF70E872FD10858EF8771064D3550CF310482C47D971CC2468351BC7B12EDB0ABE7997AD1C7A8E2C18AA788229B599F32C4EF62628C384A3C5B441409A05FDC3E1128957B72B06559CDF2CC937A874E038F31CD31A04C8A6323CBC7F734737841AA96CD0E6BF71380E635C1889620F41E5FF31553B2B8258CB4A8EA3CB501D12CD6EB03B0A86A47206781E0A03D4ACCAFABA8FD0EA319C2B0D9650B9D3B8D5E59D1292ADF50DE239637282F962A7C7EE3A6032D72CE037050FF0008AAAED8F0F6C6F284875207043C79FF00ECD680123DDE4D45282D8C2FEA0150B6795E2B90717064B47E2A5416595788975E15BF50AA79183C4B2B86A3B0B4ADB4105C1460F442770C99F808D2AADB2C00960868CB0A2BD1B80941D57A80B63ED16034702FCBE033F685C55297743B7CADAFB8C68F82532FCEA397A701851A7D45D4CA03E8A3CC46080FF4577EA1D08B00C0F4771AC61E7C17897F48C831938FB4CB41C52AE5A6ADEFC931082A34F30071036E09C537A988B2952AA72CB45048E1D9A85A20A9722B78376C1E6A5BE6545E390AE3BDBF9829357E22A98C464194F84F10EF69106D3F5730F5AEF1D18B6BD106423A026F67383D4C36A8EB96580E0D12CB74A7F31A360193EF885EDC12E4AD07EE62035B44C0C1F241DCA1A66A979CCA2D939390FEDFE237A59369F76503287059C067F98A421028D9BF47EAFF00F151951DFD193518B44A4A222D712D6CCD73D20A86A7112254145C457E3411104382C07988B7DFEE3B2C5C9F11E1A99300E57745B472D0E267E340A3ABDF9E25004B75EA1976881C1D744BF1AD40455C2860576BC43F61EE66514CD66E39D5CECF77F888A9C598BD5C0CF57F91ED9CD0D1DB822AABDB0595CB2D08581617D7F6E20DA40AC012F1EDE2209485B97BF95C1E081702CA3E23625E0D538F9D45E1663D1CCFC1BF882C19FC9A37071102946B72C0D5FB2304FF00BC825298F51A36017FF6055657519514BB82CA5B6ED2C36EA2107508A05BC4A48F6CCE4A9530627A3658710CA0A94588F13368696CAAB9F01146256D27E10DC58E756EFE79EE03081415FA0E228E3DA3F70B59D4A2DCE89B59B99DDB6BCB2A18C63E4B5FDFC40A0E42DBE6068DB97CAC281CB9653838C9C732ABA5AA313DCA085EF714AD74BEDFEB72E0A1B3D1A8009B2A5F1CCC4D00680E9946AE80FC3FABFF00D313E862ADCC7885A561062086A13712314B94C16B32173C751B5EF10DF01FEB975D3875EA0B2A22C560D8E5A3A81BA641D79CFF003D46ACC3096D176583D3D4B90DA94AE6ABF13148E38A9628A30ACC5E2EB02367C689415B316727004A5D09884235524F30D3F2333CC21A082F47AC4CC232FE10783CCAF1AA4C7007FB3357EB671D4A73B986B807B9408B56FA43B46C47F973505055034A5FAD7EA3291935757169CDD0567CBEBA08A27494786A6768786AA14317A21055BACDFAF44BD05204CA5C2B95F98B2D373395F78A68D77105AA44083AEE5DCEE064852DB2C693D89A8A34E71308CA4250DBDA9228042AB6C79B9850DBB8F0D455AB98D013341A71A8A2055C60DC5792A8E5EDFE26236799B2F6B32A683316286D7082D8095A851DBCC51A637F13600DAD56BFF2182BA2C95F96083E4741B6116933E6213FF607C3F7FA57D788C588275C44967113823DABCC0C4347D06207D17C111A6E369064014837ABA36F52A26A3425583976C78579D41BADCAA2B980A39868E0D2EE2F7E085535995A401E7FBF352B6F6CB6D70BE21B050BDD712EB71B8E6E350AD3E21D48F45CC3F8236D6B712F5FB7994ADF446381EDD4CE4D1060F3946E68D58BAEDF1EE3D1164F69575C4394BA11ECB78F30C9075581E3C0D1DB2A3C6C0FC1F04615DCF2CB83DBEF509D0E540E7A7D880EE4F1C1034A147BE7FDEE28C972A550C05F9A814DF1BA01D32D1FC1070E23913C0415FC45BCF896819606E89CEDC07EE65140F06A5377530A72C2E16E23BD01C4B6CC76788AD893A19C2780C61AB3CC215DA5AE04B17CF509AF2B9E9FF256F34D95876223AE6DB59B4A5AA859D620AE5C10A2BD12ED96F8DC5C517803FDCCB95B6F2C72F9E2211E7F4945C99FE92914678965E19415E7104519DD4361B265EE21B1719CB2B741D9F01A1E207306B9ACAD41A687EA0A88D5305F681FB9EBEA3F4A229B8FD0610CA0412A1F43718A04695F22131AD4F31DDBF8022E947476CC8E465FEA255A7EF0215CE4942F714C98BDD62E11A0648A0ADAB0F9D9A0613C743BF301B296538942E370AD798300D399621A95A6B2AD22CDF6B88C5BB0CFB6540E0AF9E6358DB3865A2995982944085F838F6C248340B7DEDDBF88CC4B657C81FE2014A2001E271A2BA8F418C729ABE83822EA2472778F7A862A2CC69E3CC08158ABFB8D58AAABD3BFB40CC6830D707B99B3764519E225AA1919A6392E9406BC8A895BAD85E3DCC40D724221B2B71E6418A0B7E6563066100AD710576AE2F106E4F39DE4A3626FD4022121607227894A98F58C74428B774539F313510C66A1BAF799B1A94A7E09796F189485F39831789704BD11A62819606C6D5DDCAEBB8B6384AD0ED2C9D8CAF18996D945158225E5E58B87917A8218B67DCB36EE5F88848AC8B5F6D17B97433699AA0A15C05BFA8859182B266F6D3EB8D7A97EF20D5163C3D7BFAB2A2599A448CB661F402F30204C1675186DE13963592D4AA1C6CBE236128A83A23BE7F6C62E986088AB9E6320EF72C797104B59FD477A36B1A94690A2C710AB851EB1C702C716618A4541DCA00BD4C2CCB5AEA39C7C44A1B7477169E7512234FD886737597B96B2D2F30015E1890D0A1E4EE877E6315936EE6D477EE03AE1DD4B841BFDA2FB371E86F441525C1FDC5C0D31D12DD4710C0D774F3D59FCCBC24D0A35D951DBEB76B996E19B1F5293ECC534B2B0E48C2D652C23987042C546EB398EC061942F63DCAC43434300386F295D2F06FB980A85ACF5F93A620CB703D04ECA2956523A61024B493D0B6D4A595F0F333115DFF505AAED6E0CBE6670A80ABEB32F8661C46F9E215C06DE22807B168F52E82BEFE8BEE5CF10BA717E61B828147A20BF446C04028389750F9825569C1CCD86B7D9D3C10292B5698C46CA9EB12E6CB817474F74D304855F53F264469B22B4A541B3C297AC63B9EC0A916B8F7E4F9CFD17E8971E512251062107D92A54AE204CF3A34416B665455DC3736BB86F1D42554A2C7A89418256531E8DCCE51E165A60F1757F999934788F058318B6AC22C43142F3C3E4ADC6227B3A3DF6D42630AD8DB88E0780B11EB32A81CCA054880172BE335E61BEBB54DAD1D5F31B6AC629A4F3704ACC1AF32ED70AFC13BB327F10809D04077205F91C10B2D8741E2602C7A97B865AED37A31A3C6496A5472EBE216C3A396206E10EA807F9F447ABCA322797FA8A1DB16CB79B62994628D4E30C811A256D3471D7B8F6D374175E21A03501B8A1079A5C0D6D9372A6EDC12CC0DF72E924FA9D953E466F2082EC79345764018B838CE293D71007894A9E827F07CCDF31C438AA942BB08FB9B6BED3733680B54D43A7CB0B32CBA82CFAB4797C46E719A7EA6C42A3881155E0FDC2145994E3CB06128BAEFCB2E3D44EA5ECC8193382E0C1B1A59FB40924D869DB0950EA3F95FC4B566FCCADE330C0F3789709BD52E8403740F8E1FC3B85407B191F0CA952A246D326322C5780B55740732E3A803397817E33B99EBA0A3A49A7C94BC5CACF5F4194AC7D06747E6329848E4B8D5EAFDA41B21952EA2B0F58451AF62CC60C05E629104D6A67C65DCC58453DB1D5732DC8D958D6717788F614E851C449CBB46C9716FCA26B642712C25B97BEE0D8540F2D17B7705274C3D3FDC364B5E67FCB308F0B4D7883D9102E851CD94B73CAFF0098D5537EB998B7AEDDEA376CDD3F0CF12ACE8F77881820551C40CC556CCE2605F76BF30A72E5A757CC061CA80D411254CDA61FF847896B9443751ACC608916FC5A152D19C1B659228A99A687044718415771752B61FF00347A945EAE10C30F5A85C3F40FB862606C48AC5F870D9EA107CB34EEB2DF6BFBCBF66001517FFD4E8169EF4AB3D970E175D709BF8965BE2376B88EF7F4289C5EDE89B42B00EFC40A722E5859413658067D3E58F994D6201538307447846ECD6A3EC1293C2336FCB02842CBB3C0397F1160C4E473EA09D6AF2BB61B5F1EA0A5102CB2F49B60A666C44E953F0C6B5C03954787AF9952A54A953899F1D57586BF96BE965050B7BD1E9FF75101D03A2235B7E4BEE713C6F619A50D0B175BC35926238D61AB10D94883088C16592A0178CB1A0DCCA946F32855DC4736A68598C5868D616668F82601CC4E4EBD47C654298E66A41D0CC5BFC149B7C9AFB44466C306B8DF88D10658C751C3AE1ACE5DC283719817170CB721034F1006317FA83D5D47535E210BF269CD799B391BBBE91CC6DCB2BD795E744AC745DFFF0020520704B561281DF6FA27B6DE58A881F124701B65B0CA5AE0B425A68FB6BC0F32813028B15F8FF66008259C45D9A6D45ABEA24A96D2563A80AC080010200952F98EABB3C456C8E77CC46C7AC441F098DC40A41A0D3EC44D0E6313F78EFB3F4BEC5FCDC6AC8EEA3E80F58515F990C19D06B2F8723C2C1CC3490A4A68BA3ED2E9CE52B9EF92CFB4002B5F7E5FE2569A4C5C2F67C4C7CE142F97E81F64E9250E6A5C67EC712CC103116A9BE03B7A972A803260138D8F0EDF04659156DE6505A4044A4B57825D2B913F24A0D1461C179F6F72954CFECF11DA66B6FB828C22A0214BBCCF67614F2C666879C467407E9FD402A019018F2AFE3FF292A58F535786FDA31C2ADEBF17C5F9E1EE01C5342B37DFB982A45140D889929A44D4B32C431095A542D07C215B86D3276BA722BC8A799884E06D781C9E078F32BC912F2C82C31669F9859619655FAC8A38657776453657E4960AE02E5596C60C428BAB6F71E47DA39F8A2AA08974422B4107F10070117EC3028C7B803C500504B620E0257F986B9037ADFF009967CB8FCC0156E14C19DC285F0CBDE9A11C2DCED8A2E2C843C1B891B0B15FB819A8565B112007ED10728651F5B42B1CD1D9F68302B55743AF112120AE80C836F83CB1DF129F9BFE6E267952A0AA0C5C4D03713314551E8834F5B359B8D435DAC2E09395353129A57F14302DA5B7983D10F073EA3955B8B41724280C0D63502D154691D913B39B935A3AF2FE614DA5D63EC1B8A5FB0749CDCBAE631B288426ECC9565B94F2233D221B12C763CCBF43CA7A1756D6BE215FC20AB6A71196D0C018E0EE5A45ACA41472C3148BDB283176FF0030E2C0E3B659294E58D80A3F011D57818A21D18E91E87032AF0405C940537D86733CE5963DCCA7300D72B8D801B8571E3A80B2A5C10FD146F210801872B267F24A3036680E33E1E712E852BE6FFF0017D426760B6955D8ADD17E1E62423708A03A1E3B1D40493A6F449609A7E4788E52301F2E05C6BD46AEAFAAA1D3A0A84F641E793062186E5B0A72D22DD5B4752A54CD2553C32356AB4C4BA91E436DE30780BAC6EED82D363386C2D956037562301AA5692F4007CB10FEC0EDF23505C383A5E5E265BE7500267E4AE23D90676FEDF4750C7AA1761784EBCEA208AC1DCE8F37D41039934B572D3A38945AB9D79F2FDC09ADE6E38E23A36C30D46853309C4A141A3899DCE297822C1E55104D35B566822D2DD8FDA602F4F2C10F28704DBB4C1C3A3CC3009B1D0EA19C076FE562EBE9542FD24D0B2877443C95C7441828A0AC52EDFB4D7D95D46B6C406AD7B25C02AF901702E223145C3CAC22C3829B961376DC774188161E8EE233C6B646A0570841702B2D40645B010762613CC6E42A7A5ADFC264F91C2CAD1282B553C7AE0781F41268713B1B5FA9348A3865D859D852CF05F035B19CDF9808E28FBCB41FAE7C83F0F31B836E9742F617F10CE6C5D465B665826438815A0EE10A1886CACA5A967B95C1A32F996F486A1E265B40FCC41D75F2F6F12ECB6E3E58202B100FC0431AD995A3CBA4E54B6D2592CCC2BCB2E315C3E4876B314595F30828008C22A4C332DC4F075A80DACD70855016050014B5C2D9A276A05D2EF0BB8DBA223177540D41DCD9760B900BB61A53211583600612FEE7EA20BE6296CFEC8FE77A161577C4C8C695881E7C87E2046A0CA03A15B81C62F7BBB2CF560B325237AA5A37C6A197E2B27A0D2B2AF42F1640C0C60320EC64C4401BC31BC014E4BB9B8EC946D1D6214059DA010AB68E5F508AD17832DAF41CB00048859467675899850F007175F697A0605BDFA5EB2F571005B6726382E221D5C7A315A86CB981B13357CCA620055C1E663B39590707767475ED8E500D0701A252D66DA77CC0E246728EDA7DF1DFA3FA81ECAF69F75620A1D32DB96216A853A41CAFE2138468117A10EEE6B75AF24E57E352BE2EDF2634945EACDC434882EC788D447A08D665C501B339882057C1059875FDA0B5B1AC46BDED9565972C6E9507FA265DCBDBF9BE78983CE032F6B14F59AE2B31830916CF6FA263A2BB9725201A3342E1044EC95D43503193D92EDF2DA78AF31949876860573702CF0BD4EE194EEB5509534424A5066B234950C4B4188394E4F4C6854CD8094C304B5A3E6732555A361DCC80E60DDB916A55C44D972B29937062A358C636808EF5114A57597C4060793143B5ED264EACEAA0529E1A84C5BD4FDA53BE842D41C456661B8EC0C8C9A0AE20AA4C73780597D1890EF9680A25140A76731B3619133C527F15A6585613956FE58B5B728A5153BD2EC9EB25B168355676C00043476FC3C8F8C38E6A64590D0C5DA9479D8271C902D978404E15B52AB2BA88E2022BCC69EF10805E655912B2C650408BB2A288C45ECB6E6DCA632BC060239045739D039D6030623B590AE575E0F1169C5596CB6A57814C5A33412DF88DAE8D869A618AA0685C783F12E99973C0E83AA806E535F72C07980DBB6514A7960818D6E2686E18D3B84C2ED6BD1158B957F488C8B767F8C1376FB0C4CF52B8985AB7A81BAB4516D0F3F315281EC93AF51900AE5C7B79959D4C0ED72BFD4C62F136872F1313B2FD8862200D728B06D02AABE23A68561A143C7529914E58B52A6E85DF32C45951EE3222E45952ED0CEDD980F26A052310B9B3A7CD363F982F6E027499FED6D9140E070AE58D314AB18A0F308DC855229E8195FF0032B6DC6171001D8DD190D771B70B634D9F8947223894763504D6EB2342AAB651CD9BBA841AE6A8B205559014E0521D1A8BAD607F981184D1A8FD872C69D2665001885CD1809BCDC770626A45B1A886E3E105E2435F2AE219E415EA28858DF7965E03552C4026EB771EDAC5C63697A6D53312AF02B16E0E2358220F5F14C8D5AF93EE53994A2A228890B6E4B04E8236DF7244B109E1D1C60826F0F45CA503E22CAB4F0E9D9DCDF28003593A8B058B64403075B69696962C8D5844C988C46AE02D6BB0C1420BA1728E120C4B4CB5088E6B18C530ED508AE2831642A5500AB8759B8E5D542A310E4AE3F3C441319CAAB4F899AD8B60E65280600BE0C5439AC5237ABFF5CCC5A5BFEA370BDE626658F896310AC5E3315BF94447260DE193517717CA712CADB54B3714BCB70F6EE2885F695C02812D2EFCBD13C2A9180FE218529E25695347978208BEDCE9E7CB30EC78805C9EA00622BDA3404ED77A85118E63E97B2380283EECA2735A94B70788E35DC01696CCDA9BD40708350B6F82827E09AD3AA618DAD26C7271596759A36468C0997F96AF4F8B1864BAC0B3A2BB2447C3A613722AF096A6D4D168CD65C4DBCBEE8DB8C0018D14639DC094FE0AABC1B5656B51D400D17B89639CC734716A43637C31E1A34144B8039566BEEB1822DD2D8E44345E68881629135EE5DEB23CC115153C95DCA8203ED4AC1E2148F44C98E11D60C4BB622F32C65901F69B05A8DD5E598631392A5002D32981AA0B5FE3D44B284EE9B180347D36186B235F40B43BE66850DF16AFC10DE46EFA7B3FDE21E13068AA2CE6A81FF6518CED8E56071072C135A303C948F494F995E58E9B095BA41C2A263CA051AB099652D7CA51154D195D330AA74070E5D7BB485AD3B9811450B184A6DE12D1BD36B6CFFAA25B10F1CCBD84D4326AF312EE90C55331198D676105B1966A2A21620F26ABA9605B4CAF444138BAF2F3041D0DC1848887580A9C7870BCB715A96BCF372999732BC420766D72F69775B16AC132415A981340A62CB2157132D9038846AF04281F011810C454B7F78AB2A5AE639C32B992E14DC2AEF27D55AF172156F2853C31C002F46B09D0A873388289CE8AC05B86A9739C885CEF2BF18B42C54854CB4989891BB656295878F23E18295CD4AC588E57DED3C4B54310C039B328D23A65B18A076BA97146E5A53E7DE25C2D0B559D1EE29665E70335669232FA07B376A7939EE322A916EDFC4E0A3935748AD54C948B3B795E1312E44134ECF11E5818BFA5592AD986E69197D28601891502D11160938440164C9280614C59E3B95CFEE112E681DC9B686FCDDEB8A890CCB84A81ABF81579A965446E3CBCC01B21C8F4C515B2CC83C762AFD8C0A834006C4FB37D556E5B4DDCC23C1C9FFD8AC02576CD0AFBFE2059F52778CFCAFE432A872C55A2D37A2BAB2C573F45136D43618212BEBE0F11EF11BD22C6BB963AC4B6836C525ED252F2CF49702A23570438E4A6638371C4A69A59959BEC1D4C1A6751A9A8A930096274D44A22BA02090B2D4014F65772F956BCC5BA65CA21C2565418EAC25F137312EC5F3D3FC4B434C0E18B40E60596B44A74892266FF0046F996E9CAD07279AFE6542103550A046E8A2DCF735B3454B39B3BECE43CCA3BE6992781FC2F732902E18B20EC69FCCC12D60AB1C1E7DB166163E6C94CD56AEC5D2390ABB3329B8074B37F6B9415429FB9FD22551ABA6B227DEA50005D4DD302A555BB63A723F78E3EC5765F883A2A77234D7D3155A9B8C1467E8A845822CE5B6C910BCE13E255C3082F4C68662D84919955880D4B4C1B85264131290BFA788C63E359638AF0F053DA26C8553DBD7BDFDC95DED325193E388B7A4402AA1D066CE22E50258175D4941963D500454A22306A9150C97948D5B142BB0C52A6CC3B1DC44788220051D831EDEE59F6C8B6639F37F87A97708BBD80270A82F34866D9555DD7CC7E8578EE7235998D9620354B9A800EA119ACCB5A99D0F98A18BA6B51AAAD4172471066191A0CD32C15808BC46286213DB2F33F494A916E03A00FBC2C15AE895A8EA64FB66B320A996BB9507431EF88EB7572E95488854E634825AC4BD895799A6F732A023602C03CAC2398A9DA0170B73E2194C2194B43411D8EE1FAB28C5F92384C57736DDF5ABC38BEA5E912FE4ED10CAAC09846E15DE72E8E296D0BA6B62F9AB06CB9541549CB7258B5C12BEAB2704B6F58CD692F91480F8A022D5BF49E1FA045C7AC4EFC9E637D264247C26C8AFF00900E01BF0BEE28D68069B0A7F51132621C9DB1E19BF3DCDFD42616B9885E505005AED7B7CC206289599964F2A971CA1F409460EE6DA805172ADA260418006BDEE0DA69EB31A3B63F75EE89A9B4972BADB3C5B45E7CCD608D2E107671A03A7C3194C3D586DFB6A353374F5F14D5FB85022A01DC894D660A5396A502D51B2A0A986695AB2DAE65EF751D40FBA655156AE7AF7D41669B53DC7E118EC483D28F9DC942D3AA6B83C4BED0598DF740CEF3861E56D4260FA82E874C26FDC62F436C8BE689FC418ACD515EEC7F0C07232365A6B60F92723A84143E61CCF70D31ABDC7BEE35755D91AA2E7625CF07116AAA0E18C217DCC31181A8F43E66A1A311DA1E733357040DC58A9D666A2A0F39617788A90B788DA2CC1BE6175C4440BA2DE63ACF28CF7A890C232EB67C4173E52F69077E433E2605C118C0BE367B23A55630A70F9D607590E5381E545511CE5AD5776A59C276815741C6CD78612345D898D37F157E2D843D5453676D69AC365D72A684718A8112BA884A281CFB472D657A0CEA1BA2D00D8D025F2BD2C6A8DF27F504B9F05D2AE17A807055AB23B825C589CB89C416AA1302661DC0CCAFA8216A05C6A25B12126C799E52F3886E84425B6619A79019381D9975611EF9FF00A4558A14A960A2D1CF8766AD310007586CBEF81F8996B5F2A3F7C0DD45D71D860E77A38CCB6911856957BF8D4CBD98A692D1754983C372C4AA2C7BDA10F0D89EE1B64A19645FE2BF3190C68302F21567DE69DDD41CAACEF6E0966D08255A4CD8D0B939D414F8D285640ADEBA180811885E21E517C8E3B31168331C01E79FBB7A865118B1C367B5059BA0AC5C05E620E8218F2592CBC4E0ADD45A96BA10A2C44B7B5C1352B102F0D4C04C5692A542D85B7D91CE6259A5C2B7E58BA1B8C6609D4E42C2BB2E359AC6ACCB6810BC8C16C60544FA12B9897169EA36923DB2B102302C14717A71F960F101962BA02DDE18821CB026C14E03C96D8E23EDA6737CE90A1578BDA5886C6F9A6C87B1B59CEF919500E177ABF8442A4C84D5E196D1EC4F3E675C479E0F29B59F37B099B2028D1D23B225D9C068ECDBF518C7F0118B300B02C264FDD6FC14E121480B55929CEF111A5DE21883305E3DC588A4B78EA04531A260DF41C134D42BDB1E74B7CC367C4765FD3509A1750400A0805E3E8C201710D4751A10D93EC991CA0B95691DBDC2E2596A1AB2F8C73195EA8B1F66146ABE798BAEB385E6A378325B75DE889458D96C14E82B2886DFAB50BC90637C9215940D71CE39EE96E98462B435F955CD97913C7401E7389475ACAB7B2D57ADC742AE01B15E0F2C7108304F876F669DC706C4CA07B2D2CB7B8336E0D0450134CA2FF96440A3DB7E6082A6B789CDC3DAC9E77304328332E318226911DB111ED54DF040029E4CD8EA5590518959560C449755315130512F6A52FCB9623D6219D66522A5021A4AB9A858951833F59331CC5CE26C8C2D115B0E21F337947DC3073D9AB6F9A996A921125428CAB0156B78148DD3AC402A6C5A1888EC2FA0E431D40A1EF2A57CC117B5D2FB5FC21194DA33CA259750A0834F44C3FE614D1AC47D8989B511003DCE137DBD70F88935A5117E83FC40246315E21C3980B8DA5B980625D239DC48660615BA71006162E7C4194D71086FC43E860C41B9707EAA1B9989790417DABB775F0BF40A9A93F2C4BA5D8717C5919089054DA788C59C3736C0B2ED17931701A12310AF601E80B353C95587794F70D43A3B9E9E8F3C410761B4A57D9D68E3DA903078F31A5AE959AF999D741D4AC4C0B9AC7058F5427871E73474E47DF883E76513B368A39065A41D473E7AD5B4203E9090154DEE4D8D7EE5765A3E7E08CAA70BB557011A3C8892A1655B28FB514D82B08E75F4CB0DC2865997B4B2A86A55C38D4BEE50C6E1823986BE819CFD55959513A963702F0CB2808D067112F32A052AC45666CA4C0820CC59A22C7D2550AE3E53045677883F0B9FF425140696D3884BB228990BEE6233C1E3D2DF1BC6E0DD20BDAF0FCD4068E6B2F3C4485A4560BE495BFE45F43E570F532600075C4CF93C979EFDCC38E07D9EFE629865735C803578C7C4AF6D2E590274390BFBC23601937F91FF003B96DD785019AB7933CC06C480FAF21E7C4E265C1C7D012A09073F4176AB8660C4C06DC1000888963065C2405700CB32D05C1E22DEA5F98946E70BA8A1E941F885D4388D20DA01280AE0BB67A188E5567B86AF836D7C4762BB0F7DFF0070B612D5B02EA622CD44BF28CA3F10E110CAA5BB72FA75198BE331B2BCC30D75E1622A19E84AA070A721596AEC1B35BF465995C9365033644A061F8115EF90BCE9A81801546C5E729C375762335367C2032C8E195402DAC658C2D5DA9BB683F411802B79E61C3CF6DB3606A9914C34342B0BB0625FD7440542AE80DAC745A45A4B8139831CABE8B3A1051E660CBB80207D1077F41020A60C430D451BCDD4C84C2ACAACD3CB52DF5DD12B0A1C8DC672771724EE0E917714CD64834E731958D312411D83BF728255C3D978862F1D7888DDD4DCA22A89B8FF0091B91960BB020226078EA587D436B3B20837495D31E3BC11B3E50CBF80D7D8945ABC8BEC440D81165A1D95D469C979CECE57C367A855295CCE8FE1618E6703B9462644303E8D22CEACB7008E50C18CA258CFB11A227132D5E69BB83FDA3E1FA8969BAC463401F438F912BB0D5144A0A6C1469F0CBA96055CBC6C3CDA9EDEA6902F81DC1E4042F9DC60C2A12CC31013EEEDD3E20008007638AF477BD3588CD8EA74792BFA8100600E138532700C9EAC4731506175AAE83B381AACB739332A2F2F6DAD297787055AE1D316ED5ACBB8B7E4B9BC90331947DCE2C1F73510A75F2A2FDFD2E50778527990E53C27CF133CCB711560D4A5EFACD40031160F669F0772E8CCA31218850302D328C8D335DCC5991EC772CE096DDBCBF6965E2608C196D8B706E12C2AF98310AAA1C81B58D9B8EE543281B31C90316CDC75296386E6022B45B47CB1C338F2B1F1FA98E20E05CCE8CA5A69C0BFE635A74703F23E6029423929DC14A8EDF736E256918996153ECB4B770734E234E086888644BDF1536134828F838849429FA4255D68CC7A004E0DF07B0750479A817852A7195693BF705F8D4A6DBB547C97552D1623D1C4C02F3A803D6E25BA0708E34B2AE8C2F0AE5748E198A7532214D731AEB32C0664FB8635684D28FA2F501DE563EEACEC57D217643346F388EC3A940D495A4764B146357745F7CCCF27BC02B356E3460C5E8CC344DB2755D3E6AC1E55F24755B1AEEDA9F841B815C6387DCBDF1D37DC401A68F2E7C0EBFC407225BB46D7EC3DE21C85FCC0C51D3C0C3A6A12742F900E07CA70ECC76C5D091F26687A1C692F16625EBA5A8778B87E2E07AB7E4C58C0F42CF09C41AE803AAE528F2D0EEA28581A55B1602A29B83F8149C793C7AE3C26462509436AD15D5302C62C4AD6625C1A78638313777162FD022F7B50C1DAC50B48554CC615F4232A5859C427A916B41C47CA690C3CC3153D45880B850812E6A9CBF4484469ADC550BF72D28351812A1CCB2DF695C346122A5D5FF2C70A1162EE2548A62DC0EABF98C9341836F4620D2ED4C0B491842067AFB54B738716BF9B8E0A59D23550DD9C41ABF32975B889B87C4F5AAF21DCA2C3BFF197E625C6A78C01B01F5325ED6A0D49E0E47C5400C129B19AB79FB4A720570F1005A7B980512383547C4DC6C2D83BF2871A65F91ADA023EFE9CD1F64124EC33F896D0538376C7D38D3D91F3529C46A01D9AF6A7B9CDA36EAEAF4FEDEE5FC01A435EF957987D11044058303770515B53DD6BF1036839DC5E0D733A0BC8007F27C4A181B384E7CC236CCA80EC04E16CD98D294992034330CBA8E5984AB1903DFF002AC0AAF2684A03C012D2108B94A57F32B9900A2EB273E6BF13E6B801EA09E4D02B528EAFFDE9DA8B26CF9790FF0011A6D02A469CF41E37E20D84C9C8098C3C9C7AC752FA10BAAE43930BBBEB30CAEE68CFBC1F9A654E5954A9CD9A765C19B4BAC83A02B422B604AD29D55E5FB2972CC523922480C8528D2269F3298B7A88604D8DF69BABDCE6B128C72AE4872FDE5EE15821E01689F0B98EE1BE33668855729BB9A8A2F6492C3C098612DA2BD653EC12A5D5F188BDC7094E2114994340AE260DC6D338134C2085C41C4B859962E67BEA5A5F132854A60D6798585E5C12C6F115268EE37073011E24562740E332A1A723567FB72B28E2ECE4608B5E6D621BA872570CD0DC393880AB5378FA0F3F2E5D1193B5365751FA5C4560145C8B2D022B8C2F51985156D798D5283AEF6788542395033D911CDD9000335E4AB2B994372F2D2BC556674EA94C631A13855D3D5AEDB4D5EAB584F914097905A0F9BAE272170454DA2EBA50BC6A5611F5B166FA05D5E4184E2F20A42F06CD0768DBCEF7C29A004D3765EEF8CC6EA559A8B8B60636B5CAE2522BD767E041981A9E664F8024394B67064D9CA0F702AE04E56CBECA3DB690228E1E0DF10B64D5F3023F5B520A40E14CD59E1266161EC9885AD398D828C16DB0D7AB5FBAF316EB9EA1957BA3478F70DA6BD0E1BF8958EC07EAE20377A6B973F128400ABBC7FCFD307015934178787CFDE2B72768A47CF994676D3563EC98129F0FF26E1F0DC16A8B0290767677114B57AED046ADC933C31D2807C9ACE30B19F4F90E62B3CAA734051331450C8983A6160DAD14B1ABC9F08888B43F86EFE26939A64B7C89503850A60A580284D5A16FCC601B59DD8E941F73109F40F20588984F247772B6A24FFB15A65C671CC5655D7A99306BB8E1B860667B4696C3DF1052C61B87101F48AE5BCB966A2E2240CD2D369D41CC18520AFC4548076B5150C26040A54336B6B35CEFA9E7809B31BC1FD857C451039DF898E0DE6A30768596ABF965C42357D056ACC770DA39F30835758F1005A002B7131716D79FC42CCAF8175070AB584D5F52D175153345CB4FA08B49A84D904E36C3752E3F4B82EE5666DB35BA899E1BD4390FF72975172B304185E52388F4B0B36DE20E72C89D143152C3D9AF2942F85C9E7C4AE2377F431AC7A8BC318CAD71572AA09E10683DE4F2ACE20D19A967DAB9A8FF0089CDAF461FDF88DAE286802A9BB5E12582AF0E3EFA0FCB1BE3A883DAE3707F3F0DCCE06EC7C413816859429E54D08E1D102E8BCF38FD4E1F98C085E14A9AC8E4992AF0425AFA78086291BBDAA5CDF24CD2F72C62A2959D7D98ABFE7859FAAC22A7A07F3F11042CA896A5D09DFAF67EE1A6079FEE1956C8DF51D721C713170D97D0FF0091540AC436C78E66B2358D8F4FF730B5CDE1D73844B11C2289501DBB15BBBCA536367256A77D94F2011C255656AA33275CC1D9689E06FC54CD04D95F7FC043E3CED0D13112E8DA3C329CBE24CDA1E1A9C94F0838986396510504B1391393C4267544E6360000B788C2E57C56080642D11596E328B1DF5300BBAE59E5C4BEA2AB1041E655AB6A518344AB2B51984C4BD4AED8B12F7148F2544542CDC022B472EA61957A6B24BBACF2B1AF31B1090505AE8CF2F53EE2ACDA1F8CBF12BD8E2FA0FF007DE151AB3C3B21AAF333DCDA72D7F5288E6DCA3124B5A9DA31EE674711D208071A4D30DE682CB0C01296925A8DE62CBDC423198AE5CBFA5CA526BCE9CFDAA044044C274C5832A6B899CB7A4AB8D85713219A65C35756B7A1E21D6615B34757114C90B81F42DFB97D4388E095594B5BB07280FB5B30E0BB95478163AC334D384C51E3318CE83FC8C28967878F8979F720D77AB853CA950B50B00D91AC161C55379BD915C23A8B91CB906C1BB370878CA06A2878B3F37186C28819ADB02C6A01695036A3CF387128D71B402B6D7347498ADD44CDD477010F06E0F5B7FF0092A2D001454E3F1F69CDC772D52F91BE23D34C35718BDD4FE48D9B9DFA7939820055DFB0EBD3C433AED740C51C7A977702F167B7F0C64E73C042C990DD949E0940BA86FF00610EE23A2647A1EB9E7ED1C070598F87FB95C734E65D6F22CB8C9E2357C03B0B55B2D67162469BD91166B3DCE42E00A7D0687219E4BD452B830C3BB16591A00C1D4A7980AEF331ADC70DFDE19531F1554B50F4C05BE80B5B71E65A5A28C5AB96B83B65908DAC595957C8E10B9787094D64AB4EBCC00B358986E0ABA96804BEB9FB4720A0E5A6AC1323DAC4504C12D8E69E3BEA0D2C27EE1A0B261A752B4B57C7150ABABF15B99341DADEBB8D5902F680BBE034D378D4AD98190383E45156B47CCD6A086CA0366959BA58B150BA94859BCE327C92D2AF17E22DE17EE26574D5192F8FC462E5BC885EBB3EF9A3CCB9149C0DAF533EE1757C4D3B6716E14800680A8654EA6CF72E7B9CFF00E12A7D8849C98829D31745E9EF9F3F520632E1353030E858FDD1EA38151EC8D0FE4852D828B43E5CFA8B084106CF897B4AB6EA2C5BD7FE14DCF5FBB1BAF9806D4E053EB4E2F306917941B768F0D75D4DC23D0A52B098C18D6A2D4B50DF2CF82CF3C8952583AC5AE2EBCB7D7A86C8AE5E40FB66E06DE8A58171677BABCD57881E4B161AE88EF9F104A29B541BC1B67D78B82CC654A74E0BDFE2AA3B2E469A1395053E6FEF33A062402B09A4FB8C03DA8D4545814657D6C6AA5AC082EB11550326B16417EC630517B177E7D318BB936C766B4F4F89958D8543D83C0EBF88D96074B1EFC54621DF2D76F570AD0B17F60A79F731B7CB0A75D43C2264A26193A752871A8D9BC6B7FED47106CAA628C82BF3F783F23A5CE58D9A6E3250C054476E53C7DC43FEA4052BAB393A4C47215ACE235F5A60450181BEAB788C49CC23E6A0F19A2307FB532C363F9945E6A3D7244E08ACAE370ADA9DEBC28C995CFA950FA16E4EBC5571A850965B5056D1E32F5EE0812A2A693252F7AE3CEE5E0114015C00F6BA94736E43D7559791C7E63973100500B2EB2B419731D3BC02A6F63E39D37CC365F8305ED7E69CC02354A596D7DD19F1592DFB442E016C2CAD94D5B1A8404FA00A7A716FFD95D8D169B3D9B26A9057119439BFF1159EDE08306480C6D905E429778ADC57C1EA52E41C6D0D41943527293900F3C5DE895D24AC8A86C3783CA7999BB04D62F179455BD6F11966A5981C51777DCA823B80793F55E252DD9292967473F31679A02D9A6DED4AAEA678CCE9621819DD12CBA52D0A4F0C48DAB81EDC16CC3095C1B403D1DBF32F80EA2E5FFC33537357093C183815704148129C9A7C9F425F99BFA3F4BA83138628A20E8E8888BC841D5228AF8FDC5AB35BD4758795911D074A3226186E55D45B050571872F116E800B7616070FB98958BB059D93045B696073ED70CADB9AF312D311DD66AE98BA959155C2055793ED03069AC40DDC6378B2B1082016C22FCD2DFB9436CCB92F03D0AD7AA80BA310B4C1FE23C1E3D443207872072599BB477F0BEA06B2F02DEC1CF3A817ACB62156DF18DFCC6DD86F37E03AECC3965ABFC221357C6E9FF903A84CD90C576F3997DBC87534297C5E896B6D506061AF5CF528E084DA8B838DD370C53B052187FDC478138A8F669E371D5B0E1E68733CFDB3DC2D80BC406FB3FDDC621AAE6AD74FAB875DBC0C27A62F2F89A1BE43D7EC95382DC016552AB6ABB34B2C18E29134E5AB327A65B9C6D618A52F39F842343A0FF09DD2C4AF386487EEA5ABCE780F0020E7EA0CC3874955AF7ACC5D295580E387D34E85869BAE16DFB44780B44AC414A36764A8B2289287653F86B70C41AD7F38F1C29E498AD0B16BBF4EEE1F1BAD13EE019671915EBA30F0ED47036F064C53425DDB994268538C56DBDAA8A60E23F02AAA9665744F9C99BBCB093460F0701699AAE364610916BA5A1191C987632A4942ADAB746ADF70EEEE7437607478E2F114FB94711CD36F2C7B8AA11AA52CADA1D2F1DACD25C601E6AF935E4B9B5041D1BE9EFF00DB96D045AF0F9F71EC03BB75E7A9560468A001F92AFD5732ECD52142ECA0D51C1F2F52D58551E45875B152E68811A52F1877073860602CCA0BA0355B36714F12FA94FDA4F44EA205340442B77DF886C98B073EBFDD4BA9023343A055764185BC228F4F1F10CD358CDB0218E2B659C5BAE730DED1F371DBDFD70654F9FF00F5129B14D92E5CD7E05F23B9ED61C54B09659DAA0F72AB0C2D6763D27230553B57A711D25EB92E084695E1C0F0D7BA898D36B81D5C59CC001BD685790364CD0492000CBE97350C3A01A0342DEC3C62F5005AFF000B5215C38614B4557027F88014AD81308BCFF298AA19682C1616B82ACEE31DDDD83BC3E9EE370CC6003876C08E4ACF1B9B841F2FBB93C39F71A2308A29352CF580AB83085A599470F11E3A00341EDC98C5D1146A10A312E97AC01E57C4BC5DC256D0D38D45FF0018BA11FCE233625C617F20E7BA883909C0C0622673B2718D25B6792FED2C4DE0094FBA1E4B0E653011404A1A576752B558AC91F272C7C15D5437EC1C1E3466A58ACF65CEF78310D8302ABDDD379F2545ED9EDBC41B7A1BAE71910399925BE8BDB07C34683F7291DD3B168E45C91143C96293433911EB84851DB4963C0EC9ABE71068FCD52FC90B11319BF5110613922CA060B4BBE4DC7434294A7465BBFF00A8D2F0D0830B753AF1370E5E27614C7365D4B465180B5E8061AF6D432F0D0722E1437E4D669A5203784165E87D574CC7FD08A2E748769A6623F0B81AE0B9C350DB38D6E75DC722DB3DE1E263050B5B6788C684963474BD54039CB774BE2C70F942F713C8DA0871EB4B9E3E23D4032AF8115F3888E164AB04F849E3185B283F88223E92EB5C0786CC3DC468CE92A385FF005C405EEDD95AFEF19F100BC0020AE10288F6626A3E7B31C8E78EEB981D14321002DEDA09748D51176F50CB11A45A2F128A7CD1BDD57A38FBCAEA5B21D5B829F50EDD1A7FDF12DB629A23979E41EA05D29A50AF9F71416576D4D9FAF2F960315E070BB9CFD550CC8079468A4BFF00DDCBFA8D43C54A95B76EC7D8D9D361B1A4EA21695D6596C5A5B7451062B2CF4AD7CCB454016C3C26626F5B84129C3EE26979158373EFAAF2B059D2B436DB674F056AA368BB616C0BC59F37E23A04B82CD869E2E0E50D003A56197BD1CE2F6554A433BDE03569E5C4333644D2BD677EE17895923C053AD9BE2555A40B37C725F846F00836B2A974F06F312F1B629E157AFC66118B4AAE9469F8B954E74D50C9E9DF9961A80070539F332B3F351A03068A0F85E089839F328882D150F45AFC4DEA5E7389E17E0E5A2D0F230D281A170FCCBF439F25FF0098E60BC9FF0052833A8B2D0AE5BAC79A205BEA58E10F3996AB00A0012AEEBA950BB6C21ECAFDCA8ACCD20F8ECC62A36E16C306374952C016B7279F33038F114ABBCA8C62EBC4B7A28CFB38AC22B3961697DF351453BCA5FB4942485204AFC473179087669D6200286C824BABD94F189582062B756B2AC9AC798B166CB7740D23A7F11CA239178232AEBFECDD36A846774377FCAC3BA858682B74341F3AC663E2D944BBDF378CF144AB06D8DB40575C81929F4C13EB1A8A527C856D5CB2D5060C3411CB697641AB8176C2DDDD1BF314BC101A2508B786E958C6FB6053822CEDD54F5A9EA3B965743661D875C95CE1C4B36B741EB387BCC1705C34D2A8FE57DCBA10880FF7EE3D21C56A63915AC6FDC73A6FF32DC3CB9858AABDB367DFFEDE25EDB2D5D6AFCFFE8888D363D3C7D59CFD3537F5A163DAAB4D067CB04BA40748D339802803B5394E3C46F23A24D03B3D5C4162806C11C88CBFA2E5CB9756CB94C380401054974E4D933236BCC2A5591113E626D4B7949BC50EEFBE27905DD8BF88D184F253DB0E9A2CC37786301B0CD5EEA6210FF154B1846E996DDF187CDFB8ED98EBF9A5E45E68B0CC127EB42E31D7632D2B1E5FE60A015D81F922A58F969620EDDE8654A7252D7B197826810BD2B19CEFA818C0633711E5A8A69B3D6589CB68152BE6EE15235C96AB642B6AB38C4B51587A2A5550BC994FB71EA011D5B0D83E32FB47B01B7E091881B9565FCFF097038CE123D4B60DC1B2CF9DE0AA9BC77CB27EBF3004C168C72C71B964CE1A84F23FF33982DC57CA5017C3561F37175257604597C858C4D537686C0289F22BB121AD68EEA71FD7BC47844041B101717762D2D6AEE71C720426D64E7C798ECDB7716D03483D5D7245BADAAE2C6D4A0B6DE317084E511810E07758BE657AAA8A234EAE9F2C17B585F541A7CD7B86A1BA003E9D24096ECAD0C3621CD4BCFB10DFDE31F3513B52CC1ABE72063E8310F22709288E82033064A351DB5F2AF32FE8CDA3B7FF005AFF00D9B163D483627CC5E4E3405B6D147FF9BABE79FA0C016C2EAF1F68ABB57DFF00E007EB6E9FA395E0CC30C0200129C98726CFA07547D2EE026B35DDC89AD605100F1758F3192C8DE0FDE26E00DB796D19BFB281BD90CFD6587F333381C27F128D70F22544768AB4FF00111C7404578C4CE52722C4A13385AA06A48071FDA12B33089677BC57FC81B022A17DC38ACAE0ECB178FB6E220394EC3D18A9563295561C55170BF38212F98E8EDE4B33052CF4FF00EA4B4C0A6C1E3CE6058F502D8707E6108A365CC128435ADE0115FA334A9B01D02BF32B03CA97E58CAEB90709136786A32E2FC70C4895460B1771A1DC50C306DB323E5758F1EA5ADC62572A64EC737B37337B5E4B6F47852F27343CCC25ABFCBCD57DD7B2397937AC01B54CD6AF93BD4321D4F10094F5AAF11F36EED2FDE5E70CB947457A97F5214C18A256F9460A1D4A73A8B9C4BFAB5605736E1F1B587CBF41DBEFFF004C5541632B5EBC62DBF10C24ED281416AAE0C10E3FF157ED8099E01648265269F8FA85F8814015741980548BCB5E28FF00CA517DC2B1D66C20CE9A5605E627D1FF00D153DB050978D93F5F40BA80D8731090C05E8CB7C7A81C883A6FEF31A8654688DC25C58BEA38D71041758511B3712D3177FF005040603D1C4C1EA4AA2BD4A3BC6040BAF50E0C81B0A8E6E97C72A0D40023D2FF002621086C956DEEBA8A3A5A15D86AEBEFE20D1BC50E3D75D44D8DA1D69D53BE8F8942B12665791DD793C4CD578105D6125CCAA710E7784C710500CA0007381AA86B5EB361E04080065046997933C43802B9C295AC71DC2AC2C2356BAB4B0FEE32B2A840FDC63EF168EDC9A88745CD819BE23CE7BAC5788B9FF151A61E6679EC0407B770351116B66AB09894860AD4F81D4B4536EC1C26C236B6136E5CB17DC19A9B1F3FEDC1026FCB6DF23E4FDCA923953E2E62A181C8C35165D9B10AF33F146DEBCE3A301175011A78444F0FFE4FADB9C86541421BA5A14D47EA454486C315B4190ADDF33688B7DCA94B952A5E65149BAC4BC6A1752F73BA538A952BDCE5944ADF3059655595E61295006838E6320520E196914D032CA256653CCA9A3F3063D15D9543D6155D4414AE434054A22254A5CAF72A512895B953A95F215836E5CBE6216C6A859788D988ABB78A838572586FAD46D2D96286F43A945459029F7467E6111835B18764D920A9C197DF8856D32DC69DE20B306C935142D0F1FF00151E5D9685F68A22CBDCAC8EF984C4B14A73BBDDC43A4124D2BC4348D0CB75EE54E4525F87E2644C0724B6054195567371121828273CEFF3115A0CF0CB0015C918230C8A75E2525C348F1DCB370D54FB4D63C652F6E7714B125928DDC4C7E016C095A4727C20FC01B1873285DE673DCBCD2815AEB510482AC4493DE01ACF1302AD81C46E456D989BCB0222D0B9F835A1BD000254A95B8CA94A9528892B51F9CD7534B9A600982DC7CCA86C9FFFD9);
INSERT INTO `announcement` VALUES (13, 'dd', 'd', '');

-- ----------------------------
-- Table structure for appointments
-- ----------------------------
DROP TABLE IF EXISTS `appointments`;
CREATE TABLE `appointments`  (
  `id` int(11) NOT NULL AUTO_INCREMENT,
  `user_id` int(11) NOT NULL,
  `date` date NOT NULL,
  `time` time(0) NOT NULL,
  `purpose` varchar(255) CHARACTER SET utf8mb4 COLLATE utf8mb4_general_ci NULL DEFAULT NULL,
  `attendees` int(11) NOT NULL,
  `status_enum` enum('Pending','Approved','Cancelled','Completed','Rescheduled','Declined') CHARACTER SET utf8mb4 COLLATE utf8mb4_general_ci NULL DEFAULT NULL,
  `other_details` varchar(255) CHARACTER SET utf8mb4 COLLATE utf8mb4_general_ci NULL DEFAULT NULL,
  `attachments` longblob NULL,
  `created_at` timestamp(0) NOT NULL DEFAULT current_timestamp(0),
  `updated_at` timestamp(0) NOT NULL DEFAULT current_timestamp(0) ON UPDATE CURRENT_TIMESTAMP(0),
  `service_id` int(11) NULL DEFAULT NULL,
  PRIMARY KEY (`id`) USING BTREE,
  INDEX `user_id`(`user_id`) USING BTREE,
  CONSTRAINT `appointments_ibfk_1` FOREIGN KEY (`user_id`) REFERENCES `users` (`id`) ON DELETE CASCADE ON UPDATE CASCADE
) ENGINE = InnoDB AUTO_INCREMENT = 64 CHARACTER SET = utf8mb4 COLLATE = utf8mb4_general_ci ROW_FORMAT = DYNAMIC;

-- ----------------------------
-- Records of appointments
-- ----------------------------
INSERT INTO `appointments` VALUES (1, 1, '2025-07-12', '15:00:00', 'ediwow', 4, NULL, NULL, NULL, '2025-07-12 18:23:38', '2025-07-12 18:23:38', NULL);
INSERT INTO `appointments` VALUES (2, 2, '2025-07-13', '09:00:00', 'Meeting', 2, NULL, NULL, NULL, '2025-07-13 23:06:15', '2025-07-13 23:06:25', NULL);
INSERT INTO `appointments` VALUES (3, 3, '2025-07-16', '09:00:00', 'dwdadadwada', 2, NULL, NULL, NULL, '2025-07-16 22:26:00', '2025-07-16 22:26:00', NULL);
INSERT INTO `appointments` VALUES (4, 1, '2025-07-16', '22:49:21', 'dwadadw', 3, NULL, NULL, NULL, '2025-07-16 22:49:25', '2025-07-16 22:49:25', NULL);
INSERT INTO `appointments` VALUES (5, 3, '2025-07-20', '11:00:00', 'Violation Discount', 2, NULL, NULL, NULL, '2025-07-20 23:07:47', '2025-07-20 23:07:47', NULL);
INSERT INTO `appointments` VALUES (6, 1, '2025-07-26', '13:00:00', 'dwadaw', 2, NULL, NULL, NULL, '2025-07-24 13:20:54', '2025-07-24 13:20:54', NULL);
INSERT INTO `appointments` VALUES (7, 1, '2025-07-31', '09:00:00', 'Meeting', 2, 'Approved', 'hihe', NULL, '2025-07-25 21:58:45', '2025-07-25 22:01:20', NULL);
INSERT INTO `appointments` VALUES (8, 1, '2025-07-31', '22:46:38', 'wdda', 1, 'Approved', 'dwda', NULL, '2025-07-25 22:46:47', '2025-07-25 22:48:41', NULL);
INSERT INTO `appointments` VALUES (9, 4, '2025-07-30', '11:00:00', 'Tax Payment', 1, 'Approved', '', 0x363838383734373338316466642E706E67, '2025-07-29 15:12:51', '2025-07-29 15:15:32', NULL);
INSERT INTO `appointments` VALUES (10, 4, '2025-07-31', '14:30:00', 'Other', 1, 'Approved', 'Papa discount', 0x363838383761303130613936322E706E67, '2025-07-29 15:36:33', '2025-07-29 17:14:03', NULL);
INSERT INTO `appointments` VALUES (11, 4, '2025-07-30', '10:30:00', 'Complaint', 2, 'Approved', '', 0x363838383763646236656135652E706E67, '2025-07-29 15:48:43', '2025-07-29 15:51:40', NULL);
INSERT INTO `appointments` VALUES (12, 4, '2025-07-30', '11:30:00', 'Tax Payment', 2, 'Approved', '', 0x363838383939386466303831612E6A7067, '2025-07-29 17:51:09', '2025-07-29 18:21:04', NULL);
INSERT INTO `appointments` VALUES (13, 4, '2025-07-30', '10:00:00', 'Tax Payment', 5, 'Cancelled', '', '', '2025-07-29 18:37:20', '2025-07-29 18:37:26', NULL);
INSERT INTO `appointments` VALUES (14, 4, '2025-07-31', '09:30:00', 'Tax Payment', 2, 'Cancelled', '', '', '2025-07-29 18:40:33', '2025-07-29 18:49:09', NULL);
INSERT INTO `appointments` VALUES (15, 4, '2025-08-04', '08:00:00', 'Complaint', 3, 'Approved', '', 0x363838663561393330316365322E6A7067, '2025-08-03 20:48:19', '2025-08-03 20:48:25', NULL);
INSERT INTO `appointments` VALUES (16, 4, '2025-08-04', '09:00:00', 'Business Permit', 3, 'Declined', '', '', '2025-08-03 21:54:32', '2025-08-08 18:43:06', NULL);
INSERT INTO `appointments` VALUES (17, 6, '2025-08-05', '08:00:00', 'Business Permit', 3, 'Declined', '', 0x363838663938626565303966652E706E67, '2025-08-04 01:13:34', '2025-08-08 13:20:40', 1);
INSERT INTO `appointments` VALUES (18, 7, '2025-08-06', '08:30:00', 'Business Permit', 4, '', '', '', '2025-08-05 20:51:51', '2025-08-08 12:30:08', 1);
INSERT INTO `appointments` VALUES (19, 7, '2025-08-06', '09:30:00', 'Business Permit', 3, 'Completed', '', '', '2025-08-05 21:14:43', '2025-08-05 23:36:42', 1);
INSERT INTO `appointments` VALUES (20, 7, '2025-08-06', '14:00:00', 'Business Permit', 3, 'Completed', '', '', '2025-08-05 22:32:50', '2025-08-05 23:45:11', 1);
INSERT INTO `appointments` VALUES (21, 8, '2025-08-06', '09:00:00', 'Tax Payment', 3, 'Approved', '', '', '2025-08-05 23:28:17', '2025-08-05 23:55:07', 1);
INSERT INTO `appointments` VALUES (22, 8, '2025-08-07', '09:00:00', 'Tax Payment', 4, 'Approved', '', '', '2025-08-05 23:28:38', '2025-08-05 23:29:44', 1);
INSERT INTO `appointments` VALUES (23, 7, '2025-08-06', '09:30:00', 'Business Permit', 3, 'Completed', '', '', '2025-08-05 23:37:08', '2025-08-05 23:45:43', 1);
INSERT INTO `appointments` VALUES (24, 7, '2025-08-06', '10:00:00', 'Tax Payment', 4, 'Completed', '', '', '2025-08-05 23:45:25', '2025-08-05 23:45:44', 1);
INSERT INTO `appointments` VALUES (25, 7, '2025-08-06', '10:30:00', 'Certificate Request', 4, 'Approved', '', '', '2025-08-05 23:47:41', '2025-08-05 23:55:59', 1);
INSERT INTO `appointments` VALUES (26, 7, '2025-08-06', '11:30:00', 'Business Permit', 3, 'Approved', '', '', '2025-08-05 23:55:19', '2025-08-05 23:57:31', 1);
INSERT INTO `appointments` VALUES (27, 8, '2025-08-08', '13:00:00', 'Tax Payment', 3, 'Approved', '', 0x363839353764306337333666382E6A7067, '2025-08-08 12:29:00', '2025-08-08 12:32:20', 1);
INSERT INTO `appointments` VALUES (28, 8, '2025-08-09', '13:00:00', 'Business Permit', 3, '', '', '', '2025-08-08 12:30:39', '2025-08-08 12:30:50', 1);
INSERT INTO `appointments` VALUES (29, 8, '2025-08-09', '13:00:00', 'Certificate Request', 3, 'Declined', '', 0x363839353764633539323730312E706E67, '2025-08-08 12:32:05', '2025-08-08 12:32:21', 1);
INSERT INTO `appointments` VALUES (30, 8, '2025-08-08', '13:30:00', 'Business Permit', 3, 'Declined', '', '', '2025-08-08 12:57:22', '2025-08-08 13:19:10', 1);
INSERT INTO `appointments` VALUES (31, 8, '2025-08-13', '09:30:00', 'Tax Payment', 3, 'Declined', '', '', '2025-08-08 13:02:22', '2025-08-08 13:03:14', 1);
INSERT INTO `appointments` VALUES (32, 8, '2025-08-09', '13:00:00', 'Business Permit', 3, 'Declined', '', '', '2025-08-08 13:08:50', '2025-08-08 13:09:29', 1);
INSERT INTO `appointments` VALUES (33, 8, '2025-08-09', '13:00:00', 'Business Permit', 3, 'Declined', '', '', '2025-08-08 13:21:19', '2025-08-08 13:21:29', 1);
INSERT INTO `appointments` VALUES (34, 8, '2025-08-09', '09:00:00', 'Business Permit', 3, 'Declined', '', '', '2025-08-08 16:28:58', '2025-08-08 16:29:14', 1);
INSERT INTO `appointments` VALUES (35, 8, '2025-08-12', '09:00:00', 'Certificate Request', 3, 'Cancelled', '', '', '2025-08-08 18:31:41', '2025-08-08 18:36:19', 1);
INSERT INTO `appointments` VALUES (36, 8, '2025-08-09', '08:30:00', 'Certificate Request', 3, 'Declined', '', '', '2025-08-08 19:10:17', '2025-08-08 19:10:36', 1);
INSERT INTO `appointments` VALUES (37, 8, '2025-08-09', '09:30:00', 'Tax Payment', 3, 'Declined', '', '', '2025-08-08 19:19:00', '2025-08-08 19:35:41', 1);
INSERT INTO `appointments` VALUES (38, 7, '2025-08-09', '09:00:00', 'Tax Payment', 3, 'Declined', '', '', '2025-08-08 19:38:01', '2025-08-08 19:38:09', 1);
INSERT INTO `appointments` VALUES (39, 7, '2025-08-09', '09:30:00', 'Business Permit', 3, 'Declined', '', '', '2025-08-08 19:39:23', '2025-08-08 19:39:34', 1);
INSERT INTO `appointments` VALUES (40, 7, '2025-08-14', '17:00:00', 'Tax Payment', 3, 'Declined', '', '', '2025-08-08 19:40:55', '2025-08-08 19:41:05', 1);
INSERT INTO `appointments` VALUES (41, 8, '2025-08-09', '09:30:00', 'Tax Payment', 3, 'Declined', '', '', '2025-08-08 19:43:40', '2025-08-08 19:43:57', 1);
INSERT INTO `appointments` VALUES (42, 8, '2025-08-09', '10:00:00', 'Tax Payment', 3, 'Declined', '', '', '2025-08-08 19:44:43', '2025-08-08 19:44:54', 1);
INSERT INTO `appointments` VALUES (43, 7, '2025-08-18', '04:30:00', 'Business Permit', 3, 'Approved', '', '', '2025-08-10 11:06:34', '2025-08-18 22:24:06', 1);
INSERT INTO `appointments` VALUES (44, 7, '2025-08-13', '09:00:00', 'Tax Payment', 3, 'Approved', '', '', '2025-08-10 11:14:40', '2025-08-10 11:14:51', 1);
INSERT INTO `appointments` VALUES (45, 8, '2025-08-12', '17:00:00', 'Certificate Request', 3, 'Approved', '', '', '2025-08-10 11:15:22', '2025-08-10 11:15:34', 1);
INSERT INTO `appointments` VALUES (46, 8, '2025-08-13', '14:00:00', 'Certificate Request', 3, 'Approved', '', '', '2025-08-10 11:22:22', '2025-08-10 11:22:37', 1);
INSERT INTO `appointments` VALUES (52, 4, '2025-08-19', '08:30:00', 'Tax Payment', 3, 'Approved', NULL, NULL, '2025-08-14 23:00:16', '2025-08-28 23:46:27', NULL);
INSERT INTO `appointments` VALUES (53, 4, '2025-08-17', '08:00:00', 'Complaint', 2, 'Declined', '', 0x363861303861303932613131352E706E67, '2025-08-16 21:39:21', '2025-08-16 22:38:15', NULL);
INSERT INTO `appointments` VALUES (54, 4, '2025-08-17', '08:30:00', 'Business Permit', 2, 'Declined', '', '', '2025-08-16 21:56:55', '2025-08-16 22:24:22', NULL);
INSERT INTO `appointments` VALUES (55, 4, '2025-08-28', '03:00:00', 'Tax Payment', 2, 'Completed', '', 0x363861303961653037326639322E706E67, '2025-08-16 22:51:12', '2025-08-28 23:43:20', 1);
INSERT INTO `appointments` VALUES (56, 4, '2025-08-22', '08:00:00', 'Tax Payment', 2, 'Approved', '', 0x363861333238616263303163392E6A7067, '2025-08-18 21:20:43', '2025-08-18 23:38:34', 1);
INSERT INTO `appointments` VALUES (57, 9, '2025-08-23', '08:00:00', 'Tax Payment', 2, 'Completed', '', 0x363861383636636465363335382E6A7067, '2025-08-22 20:47:09', '2025-08-22 20:49:51', 1);
INSERT INTO `appointments` VALUES (58, 9, '2025-08-26', '08:00:00', 'Meeting', 2, 'Approved', '', '', '2025-08-22 21:05:37', '2025-08-22 21:56:02', 1);
INSERT INTO `appointments` VALUES (59, 4, '2025-08-28', '08:30:00', 'Tax Payment', 2, 'Completed', '', 0x363861663038643163656237392E6A7067, '2025-08-27 21:32:01', '2025-08-28 23:43:22', 1);
INSERT INTO `appointments` VALUES (60, 4, '2025-08-29', '08:00:00', 'Tax Payment', 2, 'Completed', '', '', '2025-08-28 23:26:17', '2025-08-28 23:43:24', 1);
INSERT INTO `appointments` VALUES (61, 4, '2025-08-29', '08:00:00', 'Business Permit', 2, 'Approved', '', '', '2025-08-28 23:47:12', '2025-08-28 23:47:19', 1);
INSERT INTO `appointments` VALUES (62, 7, '2025-08-30', '08:00:00', 'Complaint', 2, 'Pending', '', 0x363862313963626139656537642E6A7067, '2025-08-29 20:27:38', '2025-08-29 20:27:38', 1);
INSERT INTO `appointments` VALUES (63, 4, '2025-08-30', '08:30:00', 'Meeting', 2, 'Approved', '', 0x363862313964316664333538332E6A7067, '2025-08-29 20:29:19', '2025-08-29 20:30:46', 1);

-- ----------------------------
-- Table structure for decline_table
-- ----------------------------
DROP TABLE IF EXISTS `decline_table`;
CREATE TABLE `decline_table`  (
  `decline_Id` int(11) NOT NULL AUTO_INCREMENT,
  `reason` varchar(255) CHARACTER SET utf8mb4 COLLATE utf8mb4_general_ci NULL DEFAULT NULL,
  `app_Id` int(11) NULL DEFAULT NULL,
  PRIMARY KEY (`decline_Id`) USING BTREE,
  INDEX `app_Id`(`app_Id`) USING BTREE,
  CONSTRAINT `decline_table_ibfk_1` FOREIGN KEY (`app_Id`) REFERENCES `appointments` (`id`) ON DELETE RESTRICT ON UPDATE RESTRICT
) ENGINE = InnoDB AUTO_INCREMENT = 15 CHARACTER SET = utf8mb4 COLLATE = utf8mb4_general_ci ROW_FORMAT = DYNAMIC;

-- ----------------------------
-- Records of decline_table
-- ----------------------------
INSERT INTO `decline_table` VALUES (1, 'idk', 31);
INSERT INTO `decline_table` VALUES (2, 'Conflict with mayor\'s schedule', 33);
INSERT INTO `decline_table` VALUES (3, 'Does not align with office priorities', 34);
INSERT INTO `decline_table` VALUES (4, 'ayoko lang bat ba', 16);
INSERT INTO `decline_table` VALUES (5, 'ayaw', 36);
INSERT INTO `decline_table` VALUES (6, 'ayaw kol', 37);
INSERT INTO `decline_table` VALUES (7, 'Does not align with office priorities', 38);
INSERT INTO `decline_table` VALUES (8, 'ayaw kol', 39);
INSERT INTO `decline_table` VALUES (9, 'ayaw kol', 40);
INSERT INTO `decline_table` VALUES (10, 'ayawww', 41);
INSERT INTO `decline_table` VALUES (11, 'ayaw kolll', 42);
INSERT INTO `decline_table` VALUES (13, 'Does not align with office priorities', 54);
INSERT INTO `decline_table` VALUES (14, 'Insufficient information provided', 53);

-- ----------------------------
-- Table structure for dismissed_notifications
-- ----------------------------
DROP TABLE IF EXISTS `dismissed_notifications`;
CREATE TABLE `dismissed_notifications`  (
  `id` int(11) NOT NULL AUTO_INCREMENT,
  `user_id` int(11) NOT NULL,
  `appointment_id` int(11) NOT NULL,
  `dismissed_at` timestamp(0) NOT NULL DEFAULT current_timestamp(0),
  PRIMARY KEY (`id`) USING BTREE,
  UNIQUE INDEX `unique_dismissal`(`user_id`, `appointment_id`) USING BTREE
) ENGINE = InnoDB AUTO_INCREMENT = 30 CHARACTER SET = utf8mb4 COLLATE = utf8mb4_general_ci ROW_FORMAT = DYNAMIC;

-- ----------------------------
-- Records of dismissed_notifications
-- ----------------------------
INSERT INTO `dismissed_notifications` VALUES (1, 6, 17, '2025-08-04 01:14:41');
INSERT INTO `dismissed_notifications` VALUES (2, 7, 19, '2025-08-05 21:15:36');
INSERT INTO `dismissed_notifications` VALUES (3, 8, 46, '2025-08-10 11:57:07');
INSERT INTO `dismissed_notifications` VALUES (4, 8, 45, '2025-08-10 11:57:07');
INSERT INTO `dismissed_notifications` VALUES (5, 8, 42, '2025-08-10 11:57:07');
INSERT INTO `dismissed_notifications` VALUES (6, 8, 37, '2025-08-10 11:57:07');
INSERT INTO `dismissed_notifications` VALUES (7, 8, 41, '2025-08-10 11:57:07');
INSERT INTO `dismissed_notifications` VALUES (8, 8, 36, '2025-08-10 11:57:07');
INSERT INTO `dismissed_notifications` VALUES (9, 8, 35, '2025-08-10 11:57:07');
INSERT INTO `dismissed_notifications` VALUES (10, 8, 34, '2025-08-10 11:57:07');
INSERT INTO `dismissed_notifications` VALUES (11, 8, 33, '2025-08-10 11:57:07');
INSERT INTO `dismissed_notifications` VALUES (12, 8, 30, '2025-08-10 11:57:07');
INSERT INTO `dismissed_notifications` VALUES (13, 8, 32, '2025-08-10 11:57:07');
INSERT INTO `dismissed_notifications` VALUES (14, 8, 31, '2025-08-10 11:57:07');
INSERT INTO `dismissed_notifications` VALUES (15, 8, 29, '2025-08-10 11:57:07');
INSERT INTO `dismissed_notifications` VALUES (16, 8, 27, '2025-08-10 11:57:07');
INSERT INTO `dismissed_notifications` VALUES (17, 8, 21, '2025-08-10 11:57:07');
INSERT INTO `dismissed_notifications` VALUES (18, 8, 22, '2025-08-10 11:57:07');
INSERT INTO `dismissed_notifications` VALUES (19, 4, 54, '2025-08-16 22:26:31');
INSERT INTO `dismissed_notifications` VALUES (20, 4, 16, '2025-08-16 22:26:31');
INSERT INTO `dismissed_notifications` VALUES (21, 4, 12, '2025-08-16 22:26:31');
INSERT INTO `dismissed_notifications` VALUES (22, 4, 14, '2025-08-16 22:26:31');
INSERT INTO `dismissed_notifications` VALUES (23, 4, 13, '2025-08-16 22:26:31');
INSERT INTO `dismissed_notifications` VALUES (24, 4, 15, '2025-08-16 22:26:31');
INSERT INTO `dismissed_notifications` VALUES (25, 4, 10, '2025-08-16 22:26:31');
INSERT INTO `dismissed_notifications` VALUES (26, 4, 11, '2025-08-16 22:26:31');
INSERT INTO `dismissed_notifications` VALUES (27, 4, 9, '2025-08-16 22:26:31');
INSERT INTO `dismissed_notifications` VALUES (28, 4, 53, '2025-08-16 22:40:31');
INSERT INTO `dismissed_notifications` VALUES (29, 9, 57, '2025-08-22 20:52:07');

-- ----------------------------
-- Table structure for mayors_appointment
-- ----------------------------
DROP TABLE IF EXISTS `mayors_appointment`;
CREATE TABLE `mayors_appointment`  (
  `id` int(11) NOT NULL AUTO_INCREMENT,
  `appointment_title` varchar(255) CHARACTER SET utf8mb4 COLLATE utf8mb4_general_ci NULL DEFAULT NULL,
  `description` text CHARACTER SET utf8mb4 COLLATE utf8mb4_general_ci NULL,
  `time` time(0) NULL DEFAULT NULL,
  `date` date NULL DEFAULT NULL,
  `place` varchar(255) CHARACTER SET utf8mb4 COLLATE utf8mb4_general_ci NULL DEFAULT NULL,
  `appointment_type` varchar(255) CHARACTER SET utf8mb4 COLLATE utf8mb4_general_ci NULL DEFAULT NULL,
  `photographer` varchar(255) CHARACTER SET utf8mb4 COLLATE utf8mb4_general_ci NULL DEFAULT NULL,
  PRIMARY KEY (`id`) USING BTREE
) ENGINE = InnoDB AUTO_INCREMENT = 22 CHARACTER SET = utf8mb4 COLLATE = utf8mb4_general_ci ROW_FORMAT = DYNAMIC;

-- ----------------------------
-- Records of mayors_appointment
-- ----------------------------
INSERT INTO `mayors_appointment` VALUES (9, 'Wedding', 'Wedding ni ano', '09:00:00', '2025-07-24', 'Kasibu', NULL, NULL);
INSERT INTO `mayors_appointment` VALUES (10, 'Meeting', 'Press Conference', '14:00:00', '2025-07-26', 'Bayombong', NULL, NULL);
INSERT INTO `mayors_appointment` VALUES (11, 'd', 'd', '09:57:00', '2025-07-30', 'd', NULL, NULL);
INSERT INTO `mayors_appointment` VALUES (12, 'Wedding', 'awd', '07:00:00', '2025-08-01', 'awdad', NULL, NULL);
INSERT INTO `mayors_appointment` VALUES (13, 'hehe', 'hehe', '22:29:00', '2025-08-28', 'quirino', 'For Info', 'Yes');
INSERT INTO `mayors_appointment` VALUES (14, 'd', 'd', '22:33:00', '2025-08-28', 'd', 'For Attendance', 'Yes');
INSERT INTO `mayors_appointment` VALUES (15, 'd', 'd', '22:35:00', '2025-08-28', 'd', 'For Info', 'Yes');
INSERT INTO `mayors_appointment` VALUES (16, 'e', 'e', '22:39:00', '2025-08-28', 'e', 'For Info', 'No');
INSERT INTO `mayors_appointment` VALUES (17, 'e', 'e', '22:43:00', '2025-08-29', 'e', 'For Attendance', 'Yes');
INSERT INTO `mayors_appointment` VALUES (18, 'd', 'd', '22:46:00', '2025-08-29', 'd', 'For Info', 'Yes');
INSERT INTO `mayors_appointment` VALUES (19, 'd', 'd', '22:53:00', '2025-08-30', 'd', 'For Info', 'Yes');
INSERT INTO `mayors_appointment` VALUES (20, 'd', 'd', '22:54:00', '2025-08-29', 'd', 'For Attendance', NULL);
INSERT INTO `mayors_appointment` VALUES (21, 'd', 'd', '22:54:00', '2025-08-30', 'd', 'For Attendance', 'Yes');

-- ----------------------------
-- Table structure for message
-- ----------------------------
DROP TABLE IF EXISTS `message`;
CREATE TABLE `message`  (
  `id` int(11) NOT NULL AUTO_INCREMENT,
  `user_id` int(11) NULL DEFAULT NULL,
  `message` varchar(255) CHARACTER SET utf8mb4 COLLATE utf8mb4_general_ci NULL DEFAULT NULL,
  `time` time(0) NULL DEFAULT NULL,
  `date` date NULL DEFAULT NULL,
  PRIMARY KEY (`id`) USING BTREE,
  INDEX `user_id`(`user_id`) USING BTREE,
  CONSTRAINT `message_ibfk_1` FOREIGN KEY (`user_id`) REFERENCES `appointments` (`id`) ON DELETE RESTRICT ON UPDATE RESTRICT
) ENGINE = InnoDB AUTO_INCREMENT = 33 CHARACTER SET = utf8mb4 COLLATE = utf8mb4_general_ci ROW_FORMAT = DYNAMIC;

-- ----------------------------
-- Records of message
-- ----------------------------
INSERT INTO `message` VALUES (1, 7, 'Your appointment #19 has been marked as completed.', '23:36:42', '2025-08-05');
INSERT INTO `message` VALUES (2, 7, 'Your appointment #20 has been marked as completed.', '23:45:11', '2025-08-05');
INSERT INTO `message` VALUES (3, 7, 'Your appointment #23 has been marked as completed.', '23:45:43', '2025-08-05');
INSERT INTO `message` VALUES (4, 7, 'Your appointment #24 has been marked as completed.', '23:45:44', '2025-08-05');
INSERT INTO `message` VALUES (5, 7, 'Your appointment #25 has been rescheduled to 2025-08-06 at 10:30. Admin note: qweqwe', '23:55:59', '2025-08-05');
INSERT INTO `message` VALUES (6, 7, 'Your appointment #26 has been rescheduled to 2025-08-06 at 10:30. Admin note: qwe', '23:57:14', '2025-08-05');
INSERT INTO `message` VALUES (7, 7, 'Your appointment #26 has been rescheduled to 2025-08-06 at 11:30. Admin note: qwe', '23:57:31', '2025-08-05');
INSERT INTO `message` VALUES (8, 7, 'Your appointment #43 has been rescheduled to 2025-08-17 at 9:00 AM. Admin note: dwdad', '22:40:12', '2025-08-16');
INSERT INTO `message` VALUES (9, 7, 'Your appointment #43 has been rescheduled to 2025-08-17 at 8:30 AM. Admin note: dwdad', '22:46:32', '2025-08-16');
INSERT INTO `message` VALUES (10, 7, 'Your appointment #43 has been rescheduled to 2025-08-18 at 8:30 AM. Admin note: dwdad', '22:47:06', '2025-08-16');
INSERT INTO `message` VALUES (11, 4, 'Your appointment #55 has been rescheduled to 2025-08-17 at 8:30 AM. Admin note: This is rescheduled because of the mayors emergency meeting', '22:52:44', '2025-08-16');
INSERT INTO `message` VALUES (12, 4, 'Your appointment #55 has been rescheduled to 2025-08-20 at 3:00 PM. Admin note: hehe', '23:02:17', '2025-08-16');
INSERT INTO `message` VALUES (13, 7, 'Your appointment #43 has been rescheduled to 2025-08-19 at 2:30 PM. Admin note: HHAHAHHHA', '20:57:00', '2025-08-18');
INSERT INTO `message` VALUES (14, 4, 'Your appointment #55 has been rescheduled to 2025-08-28 at 3:00 PM. Admin note: HAHAAHHAHA', '20:57:44', '2025-08-18');
INSERT INTO `message` VALUES (15, 4, 'Your appointment #55 has been rescheduled to 2025-08-28 at 3:00 PM. Admin note: HAHAAHHAHA', '20:57:48', '2025-08-18');
INSERT INTO `message` VALUES (16, 4, 'Your appointment #56 has been rescheduled to 2025-08-19 at 9:30 AM. Admin note: dwdadwa', '22:18:41', '2025-08-18');
INSERT INTO `message` VALUES (17, 4, 'Your appointment #56 has been rescheduled to 2025-08-19 at 9:00 AM. Admin note: wdadawd', '22:19:29', '2025-08-18');
INSERT INTO `message` VALUES (18, 4, 'Your appointment #56 has been rescheduled to 2025-08-19 at 9:30 AM. Admin note: dwdad', '22:20:20', '2025-08-18');
INSERT INTO `message` VALUES (19, 7, 'Your appointment #43 has been rescheduled to 2025-08-18 at 4:30 PM. Admin note: dwdadwadadawdw', '22:24:06', '2025-08-18');
INSERT INTO `message` VALUES (20, 4, 'Your appointment #56 has been rescheduled to 2025-08-20 at 8:00 AM. Admin note: because', '22:26:11', '2025-08-18');
INSERT INTO `message` VALUES (21, 4, 'Your appointment #56 has been rescheduled to 2025-08-21 at 8:00 AM. Admin note: whhdwadhhawdawddawdwad', '22:26:51', '2025-08-18');
INSERT INTO `message` VALUES (22, 4, 'Your appointment #56 has been rescheduled to 2025-08-22 at 8:00 AM. Admin note: wala sa mood si mayor', '23:38:34', '2025-08-18');
INSERT INTO `message` VALUES (24, 9, 'Your appointment #57 has been marked as completed.', '20:49:51', '2025-08-22');
INSERT INTO `message` VALUES (26, 9, 'Your appointment #58 has been rescheduled to 2025-08-25 at 8:00 AM. Admin note: hehe', '21:07:35', '2025-08-22');
INSERT INTO `message` VALUES (27, 9, 'Your appointment #58 has been rescheduled to 2025-08-26 at 8:00 AM. Admin note: d', '21:56:02', '2025-08-22');
INSERT INTO `message` VALUES (29, 4, 'Your appointment #59 has been rescheduled to 2025-08-28 at 8:30 AM. Admin note: heehhe', '21:34:49', '2025-08-27');
INSERT INTO `message` VALUES (30, 4, 'Your appointment #55 has been marked as completed.', '23:43:20', '2025-08-28');
INSERT INTO `message` VALUES (31, 4, 'Your appointment #59 has been marked as completed.', '23:43:22', '2025-08-28');
INSERT INTO `message` VALUES (32, 4, 'Your appointment #60 has been marked as completed.', '23:43:24', '2025-08-28');

-- ----------------------------
-- Table structure for online_history
-- ----------------------------
DROP TABLE IF EXISTS `online_history`;
CREATE TABLE `online_history`  (
  `id` int(11) NOT NULL AUTO_INCREMENT,
  `sched_id` int(11) NULL DEFAULT NULL,
  `date` date NULL DEFAULT NULL,
  PRIMARY KEY (`id`) USING BTREE,
  INDEX `sched_id`(`sched_id`) USING BTREE,
  CONSTRAINT `online_history_ibfk_1` FOREIGN KEY (`sched_id`) REFERENCES `schedule` (`sched_id`) ON DELETE RESTRICT ON UPDATE RESTRICT
) ENGINE = InnoDB AUTO_INCREMENT = 2 CHARACTER SET = utf8mb4 COLLATE = utf8mb4_general_ci ROW_FORMAT = DYNAMIC;

-- ----------------------------
-- Records of online_history
-- ----------------------------
INSERT INTO `online_history` VALUES (1, 6, '2025-08-02');

-- ----------------------------
-- Table structure for queue
-- ----------------------------
DROP TABLE IF EXISTS `queue`;
CREATE TABLE `queue`  (
  `id` int(11) NOT NULL AUTO_INCREMENT,
  `walk_in_id` int(11) NOT NULL,
  `created_at` timestamp(0) NOT NULL DEFAULT current_timestamp(0),
  PRIMARY KEY (`id`) USING BTREE,
  INDEX `idx_queue_walk_in_id`(`walk_in_id`) USING BTREE,
  INDEX `idx_queue_created_at`(`created_at`) USING BTREE,
  CONSTRAINT `queue_ibfk_1` FOREIGN KEY (`walk_in_id`) REFERENCES `walk_in` (`id`) ON DELETE CASCADE ON UPDATE RESTRICT
) ENGINE = InnoDB AUTO_INCREMENT = 84 CHARACTER SET = utf8mb4 COLLATE = utf8mb4_general_ci ROW_FORMAT = DYNAMIC;

-- ----------------------------
-- Records of queue
-- ----------------------------

-- ----------------------------
-- Table structure for resched_table
-- ----------------------------
DROP TABLE IF EXISTS `resched_table`;
CREATE TABLE `resched_table`  (
  `reSched_id` int(11) NOT NULL AUTO_INCREMENT,
  `reason` varchar(255) CHARACTER SET utf8mb4 COLLATE utf8mb4_general_ci NULL DEFAULT NULL,
  `schedule_id` int(11) NULL DEFAULT NULL,
  PRIMARY KEY (`reSched_id`) USING BTREE,
  INDEX `schedule_id`(`schedule_id`) USING BTREE,
  CONSTRAINT `resched_table_ibfk_1` FOREIGN KEY (`schedule_id`) REFERENCES `schedule` (`sched_id`) ON DELETE CASCADE ON UPDATE CASCADE
) ENGINE = InnoDB AUTO_INCREMENT = 1 CHARACTER SET = utf8mb4 COLLATE = utf8mb4_general_ci ROW_FORMAT = DYNAMIC;

-- ----------------------------
-- Records of resched_table
-- ----------------------------

-- ----------------------------
-- Table structure for schedule
-- ----------------------------
DROP TABLE IF EXISTS `schedule`;
CREATE TABLE `schedule`  (
  `sched_id` int(11) NOT NULL AUTO_INCREMENT,
  `app_id` int(11) NULL DEFAULT NULL,
  `user_id` int(11) NULL DEFAULT NULL,
  `status_id` int(11) NULL DEFAULT NULL,
  `note` text CHARACTER SET utf8mb4 COLLATE utf8mb4_general_ci NULL,
  `created_at` timestamp(0) NOT NULL DEFAULT current_timestamp(0),
  `updated_at` timestamp(0) NOT NULL DEFAULT current_timestamp(0) ON UPDATE CURRENT_TIMESTAMP(0),
  `mayor_id` int(11) NULL DEFAULT NULL,
  `status_enum` enum('Completed','Reschedule') CHARACTER SET utf8mb4 COLLATE utf8mb4_general_ci NULL DEFAULT NULL,
  `service_id` int(11) NULL DEFAULT NULL,
  PRIMARY KEY (`sched_id`) USING BTREE,
  INDEX `app_id`(`app_id`) USING BTREE,
  INDEX `user_id`(`user_id`) USING BTREE,
  INDEX `status_id`(`status_id`) USING BTREE,
  INDEX `fk_schedule_mayor`(`mayor_id`) USING BTREE,
  INDEX `service_id`(`service_id`) USING BTREE,
  CONSTRAINT `fk_schedule_appointment` FOREIGN KEY (`app_id`) REFERENCES `appointments` (`id`) ON DELETE RESTRICT ON UPDATE RESTRICT,
  CONSTRAINT `fk_schedule_mayor` FOREIGN KEY (`mayor_id`) REFERENCES `mayors_appointment` (`id`) ON DELETE RESTRICT ON UPDATE RESTRICT,
  CONSTRAINT `fk_schedule_user` FOREIGN KEY (`user_id`) REFERENCES `users` (`id`) ON DELETE RESTRICT ON UPDATE RESTRICT,
  CONSTRAINT `schedule_ibfk_1` FOREIGN KEY (`service_id`) REFERENCES `services` (`id`) ON DELETE RESTRICT ON UPDATE RESTRICT
) ENGINE = InnoDB AUTO_INCREMENT = 65 CHARACTER SET = utf8mb4 COLLATE = utf8mb4_general_ci ROW_FORMAT = DYNAMIC;

-- ----------------------------
-- Records of schedule
-- ----------------------------
INSERT INTO `schedule` VALUES (6, 2, 2, 1, 'Badshott to mayors', '2025-07-16 22:21:54', '2025-07-20 22:56:08', NULL, NULL, NULL);
INSERT INTO `schedule` VALUES (7, 1, 1, 1, 'Approved by admin', '2025-07-20 22:36:45', '2025-07-20 22:36:45', NULL, NULL, NULL);
INSERT INTO `schedule` VALUES (8, 3, 3, 1, '', '2025-07-20 22:38:10', '2025-07-20 23:02:21', NULL, NULL, NULL);
INSERT INTO `schedule` VALUES (9, 4, 1, 1, 'Approved by admin', '2025-07-20 23:03:06', '2025-07-20 23:03:06', NULL, NULL, NULL);
INSERT INTO `schedule` VALUES (10, 5, 3, 1, 'Approved by admin', '2025-07-20 23:08:13', '2025-07-20 23:08:13', NULL, NULL, NULL);
INSERT INTO `schedule` VALUES (19, NULL, NULL, 1, 'Mayor\'s appointment: Wedding', '2025-07-21 00:18:25', '2025-07-21 00:18:25', 9, NULL, NULL);
INSERT INTO `schedule` VALUES (20, 6, 1, 1, 'anuena ', '2025-07-24 13:21:26', '2025-07-24 13:21:42', NULL, NULL, NULL);
INSERT INTO `schedule` VALUES (21, NULL, NULL, 1, 'Mayor\'s appointment: Meeting', '2025-07-24 13:23:06', '2025-07-24 13:23:06', 10, NULL, NULL);
INSERT INTO `schedule` VALUES (22, NULL, NULL, NULL, 'Mayor\'s appointment: d', '2025-07-25 21:57:05', '2025-07-25 21:57:05', 11, NULL, NULL);
INSERT INTO `schedule` VALUES (23, 7, 1, NULL, 'Approved by admin', '2025-07-25 22:01:20', '2025-07-25 22:01:20', NULL, NULL, NULL);
INSERT INTO `schedule` VALUES (27, 8, 1, NULL, 'h', '2025-07-25 22:48:41', '2025-07-25 22:48:53', NULL, NULL, NULL);
INSERT INTO `schedule` VALUES (28, 9, 4, NULL, 'hihe\r\n', '2025-07-29 15:15:32', '2025-07-29 16:50:56', NULL, NULL, NULL);
INSERT INTO `schedule` VALUES (29, 11, 4, NULL, 'reklamo manin', '2025-07-29 15:51:40', '2025-07-29 16:51:05', NULL, NULL, NULL);
INSERT INTO `schedule` VALUES (30, 10, 4, NULL, 'Approved by admin', '2025-07-29 17:14:03', '2025-07-29 17:14:03', NULL, NULL, NULL);
INSERT INTO `schedule` VALUES (31, 12, 4, NULL, 'Approved by admin', '2025-07-29 18:21:04', '2025-07-29 18:21:04', NULL, NULL, NULL);
INSERT INTO `schedule` VALUES (32, NULL, NULL, NULL, 'Mayor\'s appointment: Wedding', '2025-07-29 18:23:01', '2025-07-29 18:23:01', 12, NULL, NULL);
INSERT INTO `schedule` VALUES (33, 15, 4, NULL, 'Approved by admin', '2025-08-03 20:48:25', '2025-08-03 20:48:25', NULL, NULL, NULL);
INSERT INTO `schedule` VALUES (34, 22, 8, NULL, 'Approved by admin', '2025-08-05 23:29:44', '2025-08-05 23:29:44', NULL, NULL, NULL);
INSERT INTO `schedule` VALUES (35, 20, 7, NULL, 'Approved by admin', '2025-08-05 23:30:16', '2025-08-05 23:30:16', NULL, NULL, NULL);
INSERT INTO `schedule` VALUES (36, 24, 7, NULL, 'Approved by admin', '2025-08-05 23:45:36', '2025-08-05 23:45:36', NULL, NULL, NULL);
INSERT INTO `schedule` VALUES (37, 23, 7, NULL, 'Approved by admin', '2025-08-05 23:45:39', '2025-08-05 23:45:39', NULL, NULL, NULL);
INSERT INTO `schedule` VALUES (38, 25, 7, NULL, 'Approved by admin', '2025-08-05 23:47:54', '2025-08-05 23:47:54', NULL, NULL, NULL);
INSERT INTO `schedule` VALUES (39, 21, 8, NULL, 'Approved by admin', '2025-08-05 23:55:07', '2025-08-05 23:55:07', NULL, NULL, NULL);
INSERT INTO `schedule` VALUES (40, 26, 7, NULL, 'Approved by admin', '2025-08-05 23:55:27', '2025-08-05 23:55:27', NULL, NULL, NULL);
INSERT INTO `schedule` VALUES (41, 27, 8, NULL, 'Approved by admin', '2025-08-08 12:32:20', '2025-08-08 12:32:20', NULL, NULL, NULL);
INSERT INTO `schedule` VALUES (42, 43, 7, NULL, 'Approved by admin', '2025-08-10 11:11:44', '2025-08-10 11:11:44', NULL, NULL, NULL);
INSERT INTO `schedule` VALUES (43, 44, 7, NULL, 'Approved by admin', '2025-08-10 11:14:51', '2025-08-10 11:14:51', NULL, NULL, NULL);
INSERT INTO `schedule` VALUES (44, 45, 8, NULL, 'Approved by admin', '2025-08-10 11:15:34', '2025-08-10 11:15:34', NULL, NULL, NULL);
INSERT INTO `schedule` VALUES (45, 46, 8, NULL, 'Approved with message: gegeges', '2025-08-10 11:22:37', '2025-08-10 11:22:37', NULL, NULL, NULL);
INSERT INTO `schedule` VALUES (46, 52, 4, NULL, 'd', '2025-08-16 22:41:51', '2025-08-28 22:51:36', NULL, NULL, NULL);
INSERT INTO `schedule` VALUES (47, 55, 4, NULL, 'Approved by admin', '2025-08-16 22:51:21', '2025-08-16 22:51:21', NULL, NULL, NULL);
INSERT INTO `schedule` VALUES (48, 56, 4, NULL, 'Approved with message: If you have any questions or need to make changes to your appointment, please contact us:\r\n Phone: (078) 123-4567\r\n Email: info@solanomayor.gov.ph\r\n Office Hours: Monday - Friday, 8:00 AM - 5:00 PM', '2025-08-18 21:21:06', '2025-08-18 21:21:06', NULL, NULL, NULL);
INSERT INTO `schedule` VALUES (49, 57, 9, NULL, 'Approved by admin', '2025-08-22 20:48:44', '2025-08-22 20:48:44', NULL, NULL, NULL);
INSERT INTO `schedule` VALUES (50, 58, 9, NULL, 'Approved by admin', '2025-08-22 21:05:48', '2025-08-22 21:05:48', NULL, NULL, NULL);
INSERT INTO `schedule` VALUES (51, 59, 4, NULL, 'Approved by admin', '2025-08-27 21:32:23', '2025-08-27 21:32:23', NULL, NULL, NULL);
INSERT INTO `schedule` VALUES (52, NULL, NULL, NULL, 'dwdeede', '2025-08-28 22:29:53', '2025-08-28 22:39:13', 13, NULL, NULL);
INSERT INTO `schedule` VALUES (53, NULL, NULL, NULL, 'ddwdad', '2025-08-28 22:34:01', '2025-08-28 22:37:28', 14, NULL, NULL);
INSERT INTO `schedule` VALUES (54, NULL, NULL, NULL, 'Mayor\'s appointment: d - Type: For Info, Photographer: Yes', '2025-08-28 22:34:29', '2025-08-28 22:34:29', 15, NULL, NULL);
INSERT INTO `schedule` VALUES (55, NULL, NULL, NULL, 'hehee', '2025-08-28 22:39:49', '2025-08-28 22:41:29', 16, NULL, NULL);
INSERT INTO `schedule` VALUES (56, NULL, NULL, NULL, 'Mayor\'s appointment: e - Type: For Attendance, Photographer: Yes', '2025-08-28 22:43:30', '2025-08-28 22:43:30', 17, NULL, NULL);
INSERT INTO `schedule` VALUES (57, NULL, NULL, NULL, 'd', '2025-08-28 22:46:20', '2025-08-28 22:46:26', 18, NULL, NULL);
INSERT INTO `schedule` VALUES (58, NULL, NULL, NULL, NULL, '2025-08-28 22:53:44', '2025-08-28 22:53:44', 19, NULL, NULL);
INSERT INTO `schedule` VALUES (59, NULL, NULL, NULL, NULL, '2025-08-28 22:54:04', '2025-08-28 22:54:04', 20, NULL, NULL);
INSERT INTO `schedule` VALUES (60, NULL, NULL, NULL, NULL, '2025-08-28 22:54:28', '2025-08-28 22:54:28', 21, NULL, NULL);
INSERT INTO `schedule` VALUES (61, 60, 4, NULL, 'Approved by admin', '2025-08-28 23:26:47', '2025-08-28 23:26:47', NULL, NULL, NULL);
INSERT INTO `schedule` VALUES (62, 52, 4, NULL, 'Approved by admin', '2025-08-28 23:46:27', '2025-08-28 23:46:27', NULL, NULL, NULL);
INSERT INTO `schedule` VALUES (63, 61, 4, NULL, 'Approved by admin', '2025-08-28 23:47:19', '2025-08-28 23:47:19', NULL, NULL, NULL);
INSERT INTO `schedule` VALUES (64, 63, 4, NULL, 'Approved by admin', '2025-08-29 20:30:46', '2025-08-29 20:30:46', NULL, NULL, NULL);

-- ----------------------------
-- Table structure for services
-- ----------------------------
DROP TABLE IF EXISTS `services`;
CREATE TABLE `services`  (
  `id` int(11) NOT NULL,
  `name` varchar(100) CHARACTER SET utf8mb4 COLLATE utf8mb4_general_ci NULL DEFAULT NULL,
  `description` text CHARACTER SET utf8mb4 COLLATE utf8mb4_general_ci NULL,
  `duration` int(11) NULL DEFAULT NULL,
  `created_at` timestamp(0) NULL DEFAULT NULL,
  PRIMARY KEY (`id`) USING BTREE
) ENGINE = InnoDB CHARACTER SET = utf8mb4 COLLATE = utf8mb4_general_ci ROW_FORMAT = DYNAMIC;

-- ----------------------------
-- Records of services
-- ----------------------------

-- ----------------------------
-- Table structure for users
-- ----------------------------
DROP TABLE IF EXISTS `users`;
CREATE TABLE `users`  (
  `id` int(11) NOT NULL AUTO_INCREMENT,
  `name` varchar(50) CHARACTER SET utf8mb4 COLLATE utf8mb4_general_ci NOT NULL,
  `email` varchar(255) CHARACTER SET utf8mb4 COLLATE utf8mb4_general_ci NOT NULL,
  `password` varchar(255) CHARACTER SET utf8mb4 COLLATE utf8mb4_general_ci NOT NULL,
  `username` varchar(20) CHARACTER SET utf8mb4 COLLATE utf8mb4_general_ci NOT NULL,
  `address` text CHARACTER SET utf8mb4 COLLATE utf8mb4_general_ci NOT NULL,
  `barangay` varchar(50) CHARACTER SET utf8mb4 COLLATE utf8mb4_general_ci NULL DEFAULT NULL,
  `created_at` timestamp(0) NOT NULL DEFAULT current_timestamp(0),
  `updated_at` timestamp(0) NOT NULL DEFAULT current_timestamp(0) ON UPDATE CURRENT_TIMESTAMP(0),
  `phone` varchar(20) CHARACTER SET utf8mb4 COLLATE utf8mb4_general_ci NULL DEFAULT NULL,
  `message` varchar(255) CHARACTER SET utf8mb4 COLLATE utf8mb4_general_ci NULL DEFAULT NULL,
  `role` enum('admin','mayor','user','frontdesk','superadmin') CHARACTER SET utf8mb4 COLLATE utf8mb4_general_ci NULL DEFAULT NULL,
  PRIMARY KEY (`id`) USING BTREE,
  UNIQUE INDEX `email`(`email`) USING BTREE,
  UNIQUE INDEX `idx_email_unique`(`email`) USING BTREE,
  UNIQUE INDEX `idx_username_unique`(`username`) USING BTREE
) ENGINE = InnoDB AUTO_INCREMENT = 24 CHARACTER SET = utf8mb4 COLLATE = utf8mb4_general_ci ROW_FORMAT = DYNAMIC;

-- ----------------------------
-- Records of users
-- ----------------------------
INSERT INTO `users` VALUES (1, 'ACANGAN, Albert', 'albertacangan@gmail.com', 'goat', 'albert', '', NULL, '2025-07-12 18:13:28', '2025-07-29 14:53:51', NULL, NULL, NULL);
INSERT INTO `users` VALUES (2, 'lad', 'lad@gmail.com', '$2y$10$UCg/8S4Foa9borzS.hIGU.9q5QFukBiFjWwfywW8mdG.HAD91rO5.', 'lad_lad', '', NULL, '2025-07-12 21:53:06', '2025-07-12 21:53:06', NULL, NULL, NULL);
INSERT INTO `users` VALUES (3, 'boss', 'boss@gmail.com', '$2y$10$J40BrVcZ00lxoDR7tFefUOYjpa3tXhzUH4LQkAXplTHu7QKEFoXtq', 'emil', '', NULL, '2025-07-12 22:50:12', '2025-07-12 22:50:12', NULL, NULL, NULL);
INSERT INTO `users` VALUES (4, 'lad', 'sungagerald600@gmail.com', '$2y$10$ZSWpSPuxMNBNaMNgXxSYpOFaHHzbVwCa9D3pq4JkqilA.ATeotZJy', 'lads', 'Bahay', NULL, '2025-07-29 15:09:00', '2025-08-27 21:31:48', '09929402424', NULL, NULL);
INSERT INTO `users` VALUES (5, 'Filipe DakaYow', 'emilllpaladin94@gmail.com', '$2y$10$3K6tLCxYmaK.4XsW7VayqOMGE1wIZa9nwpUwQfW2nZfEsSThPJkoi', 'mayor', 'Roxas', NULL, '2025-08-03 21:41:12', '2025-08-04 01:09:59', '09310701894', NULL, 'mayor');
INSERT INTO `users` VALUES (6, 'Lando', 'suungagerald2600@gmail.com', '$2y$10$VHCsJFHch3eKeLB2RfW/AuRVyP5I5wMl4cULBEyOGgt4Mk7r6Xpkm', 'landoes', 'Roxas', NULL, '2025-08-04 01:12:22', '2025-08-29 20:28:25', '0912345678', NULL, NULL);
INSERT INTO `users` VALUES (7, 'Emilio Aguinaldo ', 'emilpaaladin94@gmail.com', '$2y$10$sGguyl8TEwUcCn9kW6pkqOXU0c3zusONjYgUW3ZDRotxCA4A1kCCS', 'mil', 'Roxas', NULL, '2025-08-05 14:34:08', '2025-08-19 00:12:03', '0912345678', NULL, 'admin');
INSERT INTO `users` VALUES (8, 'Emil Paladin', 'emilpaladin94@gmail.com', '$2y$10$ocRtk6geUlp.EHDGtM1ilO9njIRKlNETem6iiLtf3o7cKmjBUgnge', 'meyl', 'Roxas', NULL, '2025-08-05 23:28:02', '2025-08-05 23:28:02', '0912345678', NULL, NULL);
INSERT INTO `users` VALUES (9, 'lad', 'sungaaagerald600@gmail.com', '$2y$10$4LRcKIljlrJv5AXzypCBEeamJNRof7SgjNDN1KMG0adtJ9N9pQ8Ei', 'bosslad', 'dwdwa', NULL, '2025-08-22 20:46:08', '2025-08-27 21:31:33', '224554323232', NULL, NULL);
INSERT INTO `users` VALUES (13, 'd', '', '', '', '', NULL, '2025-08-29 22:23:06', '2025-08-29 22:23:06', NULL, NULL, NULL);

-- ----------------------------
-- Table structure for walk_in
-- ----------------------------
DROP TABLE IF EXISTS `walk_in`;
CREATE TABLE `walk_in`  (
  `id` int(11) NOT NULL AUTO_INCREMENT,
  `appointment_number` varchar(20) CHARACTER SET utf8mb4 COLLATE utf8mb4_general_ci NOT NULL,
  `name` varchar(100) CHARACTER SET utf8mb4 COLLATE utf8mb4_general_ci NOT NULL,
  `address` text CHARACTER SET utf8mb4 COLLATE utf8mb4_general_ci NOT NULL,
  `purpose` varchar(255) CHARACTER SET utf8mb4 COLLATE utf8mb4_general_ci NOT NULL,
  `created_at` timestamp(0) NOT NULL DEFAULT current_timestamp(0),
  `status` enum('Waiting','Complete') CHARACTER SET utf8mb4 COLLATE utf8mb4_general_ci NULL DEFAULT NULL,
  PRIMARY KEY (`id`) USING BTREE,
  UNIQUE INDEX `appointment_number`(`appointment_number`) USING BTREE,
  INDEX `idx_walk_in_created_at`(`created_at`) USING BTREE
) ENGINE = InnoDB AUTO_INCREMENT = 40 CHARACTER SET = utf8mb4 COLLATE = utf8mb4_general_ci ROW_FORMAT = DYNAMIC;

-- ----------------------------
-- Records of walk_in
-- ----------------------------
INSERT INTO `walk_in` VALUES (8, '#0001', 'Lad', 'wdad', 'dwada', '2025-07-18 00:02:18', NULL);

-- ----------------------------
-- Table structure for walkin_history
-- ----------------------------
DROP TABLE IF EXISTS `walkin_history`;
CREATE TABLE `walkin_history`  (
  `id` int(11) NOT NULL AUTO_INCREMENT,
  `walk_in_id` int(11) NULL DEFAULT NULL,
  `date` date NULL DEFAULT NULL,
  PRIMARY KEY (`id`) USING BTREE,
  INDEX `walk_in_id`(`walk_in_id`) USING BTREE,
  CONSTRAINT `walkin_history_ibfk_1` FOREIGN KEY (`walk_in_id`) REFERENCES `walk_in` (`id`) ON DELETE RESTRICT ON UPDATE RESTRICT
) ENGINE = InnoDB AUTO_INCREMENT = 11 CHARACTER SET = utf8mb4 COLLATE = utf8mb4_general_ci ROW_FORMAT = DYNAMIC;

-- ----------------------------
-- Records of walkin_history
-- ----------------------------
INSERT INTO `walkin_history` VALUES (2, 19, '2025-08-02');
INSERT INTO `walkin_history` VALUES (3, 20, '2025-08-14');
INSERT INTO `walkin_history` VALUES (4, 21, '2025-08-14');
INSERT INTO `walkin_history` VALUES (5, 22, '2025-08-22');
INSERT INTO `walkin_history` VALUES (6, 23, '2025-08-22');
INSERT INTO `walkin_history` VALUES (7, 24, '2025-08-29');
INSERT INTO `walkin_history` VALUES (8, 25, '2025-08-29');
INSERT INTO `walkin_history` VALUES (9, 26, '2025-08-29');
INSERT INTO `walkin_history` VALUES (10, 27, '2025-08-29');

-- ----------------------------
-- Triggers structure for table walk_in
-- ----------------------------
DROP TRIGGER IF EXISTS `before_walk_in_insert`;
delimiter ;;
CREATE TRIGGER `before_walk_in_insert` BEFORE INSERT ON `walk_in` FOR EACH ROW BEGIN
    IF NEW.appointment_number IS NULL THEN
        SET NEW.appointment_number = CONCAT(
            LPAD((SELECT COUNT(*) FROM walk_in) + 1, 4, '0'));
    END IF;
END
;;
delimiter ;

SET FOREIGN_KEY_CHECKS = 1;
